Date,Open,High,Low,Close
2008-01-02,48.231590270996094,48.54625701904297,47.105098724365234,47.3316535949707
2008-01-03,47.394588470458984,48.263057708740234,47.21208190917969,48.005035400390625
2008-01-04,47.633731842041016,47.948394775390625,47.13656234741211,47.21208190917969
2008-01-07,47.40717315673828,47.6400260925293,46.63310241699219,46.991817474365234
2008-01-08,47.319068908691406,47.319068908691406,44.9590950012207,45.179359436035156
2008-01-09,45.0975456237793,45.98489761352539,44.4052848815918,45.28634262084961
2008-01-10,45.03461456298828,45.79609680175781,44.07174301147461,45.55695343017578
2008-01-11,45.229705810546875,45.6072998046875,44.858402252197266,45.110130310058594
2008-01-14,45.380741119384766,45.62617874145508,45.066078186035156,45.431087493896484
2008-01-15,45.27375793457031,45.494022369384766,44.795467376708984,44.908748626708984
2008-01-16,44.858402252197266,45.468849182128906,44.44304656982422,44.70736312866211
2008-01-17,44.66960525512695,44.81435012817383,42.580238342285156,42.85084915161133
2008-01-18,43.15922164916992,44.05286407470703,42.6117057800293,42.82567596435547
2008-01-22,41.20830535888672,42.81938171386719,41.03209686279297,42.315921783447266
2008-01-23,41.7243537902832,44.92762756347656,41.58590316772461,44.66960525512695
2008-01-24,44.94021224975586,45.859031677246094,44.776588439941406,45.6639404296875
2008-01-25,46.27438735961914,46.708621978759766,45.62617874145508,45.783512115478516
2008-01-28,45.5947151184082,46.53870391845703,45.30522155761719,46.40025329589844
2008-01-29,46.740089416503906,46.77155303955078,45.758338928222656,46.05412292480469
2008-01-30,45.90937805175781,46.82819366455078,45.525489807128906,45.783512115478516
2008-01-31,45.091251373291016,46.57017135620117,45.091251373291016,46.11075973510742
2008-02-01,46.25550842285156,46.733795166015625,46.098175048828125,46.645687103271484
2008-02-04,46.645687103271484,46.765262603759766,46.31843948364258,46.60163497924805
2008-02-05,45.87791061401367,46.40654373168945,45.437381744384766,45.53178024291992
2008-02-06,45.752044677734375,45.90308380126953,45.122718811035156,45.229705810546875
2008-02-07,45.01573181152344,45.25487518310547,44.5752067565918,44.97797393798828
2008-02-08,44.820640563964844,45.36815643310547,44.5752067565918,44.9024543762207
2008-02-11,44.97797393798828,45.0975456237793,44.31718063354492,45.0409049987793
2008-02-12,45.23599624633789,46.25550842285156,45.13530349731445,45.82756423950195
2008-02-13,46.16740036010742,46.26809310913086,45.58842086791992,46.26809310913086
2008-02-14,46.37508010864258,46.381370544433594,45.61359405517578,45.720577239990234
2008-02-15,45.62617874145508,45.62617874145508,44.65701675415039,45.01573181152344
2008-02-19,45.61988830566406,45.720577239990234,45.179359436035156,45.28004837036133
2008-02-20,44.9716796875,45.37445068359375,44.619258880615234,45.34298324584961
2008-02-21,45.41850280761719,45.4247932434082,44.5752067565918,44.61296463012695
2008-02-22,44.487098693847656,45.58842086791992,44.487098693847656,45.456260681152344
2008-02-25,45.57583236694336,46.299560546875,45.437381744384766,46.19886779785156
2008-02-26,45.89049530029297,46.412837982177734,45.745750427246094,46.123348236083984
2008-02-27,45.97230911254883,46.2303352355957,45.62617874145508,45.89678955078125
2008-02-28,45.65764617919922,45.85273742675781,45.179359436035156,45.41850280761719
2008-02-29,44.833229064941406,45.21711730957031,44.279422760009766,44.37382125854492
2008-03-03,44.01510238647461,44.01510238647461,42.920074462890625,43.67526626586914
2008-03-04,43.36060333251953,43.47388458251953,42.920074462890625,43.36060333251953
2008-03-05,42.976715087890625,44.22907638549805,42.976715087890625,43.8829460144043
2008-03-06,43.757080078125,44.17243576049805,43.31025695800781,43.316551208496094
2008-03-07,43.10258102416992,43.59974670410156,42.391441345214844,42.4732551574707
2008-03-10,42.54248046875,42.54248046875,41.62366485595703,41.680301666259766
2008-03-11,42.53618621826172,43.027061462402344,41.86909866333008,43.027061462402344
2008-03-12,43.1088752746582,43.43612289428711,42.82567596435547,42.920074462890625
2008-03-13,42.41032028198242,43.41724395751953,42.21522903442383,43.11516571044922
2008-03-14,43.51793670654297,43.51793670654297,42.13341522216797,42.6117057800293
2008-03-17,41.71806335449219,42.913780212402344,41.71806335449219,42.51730728149414
2008-03-18,43.348018646240234,43.964759826660156,43.01447677612305,43.94587707519531
2008-03-19,43.813720703125,44.36123275756836,43.272499084472656,43.272499084472656
2008-03-20,43.329139709472656,43.851478576660156,42.88231658935547,43.42982864379883
2008-03-24,43.6878547668457,44.49339294433594,43.549400329589844,44.2668342590332
2008-03-25,44.31718063354492,44.430458068847656,43.7696647644043,44.15355682373047
2008-03-26,43.98992919921875,43.99622344970703,43.555694580078125,43.80742645263672
2008-03-27,44.05915832519531,44.41787338256836,43.59345626831055,43.68156051635742
2008-03-28,43.88924026489258,44.20390319824219,43.008182525634766,43.14033889770508
2008-03-31,43.209564208984375,43.6312141418457,42.894901275634766,43.31025695800781
2008-04-01,43.5745735168457,45.05978775024414,43.5745735168457,44.833229064941406
2008-04-02,45.141597747802734,45.21082305908203,44.58149719238281,44.795467376708984
2008-04-03,44.75770950317383,44.770294189453125,44.159847259521484,44.531150817871094
2008-04-04,44.512271881103516,45.56324768066406,44.49339294433594,45.141597747802734
2008-04-07,45.37445068359375,45.67023468017578,44.98426818847656,45.179359436035156
2008-04-08,44.9024543762207,45.18564987182617,44.68218994140625,45.18564987182617
2008-04-09,45.122718811035156,45.32410430908203,44.241661071777344,44.562618255615234
2008-04-10,44.480804443359375,45.4247932434082,44.42416763305664,45.21711730957031
2008-04-11,44.487098693847656,44.67589569091797,43.643802642822266,43.757080078125
2008-04-14,43.65638732910156,44.31088638305664,43.65638732910156,44.04656982421875
2008-04-15,44.36752700805664,44.96538543701172,44.08433151245117,44.58149719238281
2008-04-16,44.776588439941406,46.08558654785156,44.776588439941406,45.70799255371094
2008-04-17,44.889869689941406,44.94650650024414,44.10950469970703,44.55002975463867
2008-04-18,45.39332962036133,45.69540786743164,44.801761627197266,45.63247299194336
2008-04-21,45.29893112182617,45.525489807128906,45.05978775024414,45.36815643310547
2008-04-22,45.091251373291016,45.24858474731445,44.63184356689453,44.9590950012207
2008-04-23,45.21711730957031,45.525489807128906,44.70736312866211,45.223411560058594
2008-04-24,45.31151580810547,46.02265548706055,45.16047668457031,45.752044677734375
2008-04-25,45.94084167480469,46.01007080078125,45.36815643310547,45.73945999145508
2008-04-28,45.64506149291992,46.31843948364258,45.64506149291992,45.96601486206055
2008-04-29,45.99748229980469,46.16740036010742,45.525489807128906,46.01007080078125
2008-04-30,46.01007080078125,46.469478607177734,45.519195556640625,45.6072998046875
2008-05-01,45.62617874145508,47.01070022583008,45.62617874145508,46.88483428955078
2008-05-02,47.13656234741211,47.45122528076172,46.941471099853516,47.262428283691406
2008-05-05,47.0044059753418,47.19949722290039,46.83448791503906,46.96035385131836
2008-05-06,46.87224578857422,47.14915084838867,46.469478607177734,46.998111724853516
2008-05-07,47.11138916015625,47.19949722290039,45.95972442626953,45.95972442626953
2008-05-08,46.16110610961914,46.784141540527344,46.08558654785156,46.60792922973633
2008-05-09,46.337318420410156,46.337318420410156,45.55695343017578,46.02265548706055
2008-05-12,46.047828674316406,46.92888641357422,46.02265548706055,46.92888641357422
2008-05-13,46.95405960083008,47.337947845458984,46.677154541015625,47.14915084838867
2008-05-14,47.24984359741211,47.740718841552734,46.98552322387695,47.30018997192383
2008-05-15,47.105098724365234,47.21208190917969,46.60792922973633,46.7526741027832
2008-05-16,46.733795166015625,46.92259216308594,46.24921417236328,46.54499816894531
2008-05-19,46.438011169433594,47.19949722290039,46.419132232666016,46.79672622680664
2008-05-20,46.63310241699219,46.727500915527344,45.94713592529297,46.19257354736328
2008-05-21,46.362491607666016,46.58275604248047,45.229705810546875,45.32410430908203
2008-05-22,45.32410430908203,45.5380744934082,45.0283203125,45.21082305908203
2008-05-23,44.8458137512207,44.95280075073242,43.983638763427734,44.05915832519531
2008-05-27,43.97105026245117,44.58149719238281,43.94587707519531,44.55632400512695
2008-05-28,44.70106887817383,44.820640563964844,43.8829460144043,44.197608947753906
2008-05-29,44.02769088745117,44.74512481689453,43.73820114135742,44.197608947753906
2008-05-30,44.241661071777344,44.826934814453125,43.901824951171875,44.70736312866211
2008-06-02,44.3234748840332,44.70106887817383,44.05915832519531,44.512271881103516
2008-06-03,44.66331100463867,44.74512481689453,43.587162017822266,43.901824951171875
2008-06-04,43.68156051635742,43.870357513427734,43.39207077026367,43.587162017822266
2008-06-05,43.700439453125,44.11579513549805,43.46759033203125,44.03398513793945
2008-06-06,43.69414520263672,43.69414520263672,42.12083053588867,42.17117691040039
2008-06-09,42.391441345214844,42.630584716796875,41.83134078979492,42.51101303100586
2008-06-10,42.290748596191406,42.54877471923828,42.17747116088867,42.21522903442383
2008-06-11,42.19635009765625,42.290748596191406,41.9068603515625,41.944618225097656
2008-06-12,42.366268157958984,43.42353820800781,42.259281158447266,42.74386215209961
2008-06-13,43.08369827270508,43.51164245605469,42.83826446533203,43.14663314819336
2008-06-16,43.01447677612305,43.56828308105469,42.737571716308594,43.348018646240234
2008-06-17,43.65638732910156,43.65638732910156,42.913780212402344,43.0522346496582
2008-06-18,42.69981002807617,43.22844696044922,42.69981002807617,42.83826446533203
2008-06-19,42.90119552612305,43.42353820800781,42.15858840942383,43.31025695800781
2008-06-20,43.0648193359375,43.38577651977539,42.655757904052734,43.297672271728516
2008-06-23,43.56828308105469,43.56828308105469,43.0648193359375,43.31025695800781
2008-06-24,43.234737396240234,43.42353820800781,42.76274490356445,42.894901275634766
2008-06-25,42.73127746582031,42.970420837402344,41.422279357910156,41.54814147949219
2008-06-26,41.16425323486328,41.334171295166016,39.42731475830078,39.515419006347656
2008-06-27,39.477657318115234,39.4902458190918,38.42039108276367,38.48332214355469
2008-06-30,38.48332214355469,39.112648010253906,38.0805549621582,38.82945251464844
2008-07-01,38.325992584228516,38.6028938293457,37.47639846801758,38.187538146972656
2008-07-02,38.40150833129883,38.52108383178711,37.57080078125,37.57080078125
2008-07-03,37.80994415283203,38.44556427001953,37.75330352783203,38.42039108276367
2008-07-07,38.50849533081055,39.05601119995117,37.898048400878906,38.12460708618164
2008-07-08,38.07426071166992,39.3077392578125,38.07426071166992,38.873504638671875
2008-07-09,38.99307632446289,39.13153076171875,38.40150833129883,38.46444320678711
2008-07-10,38.46444320678711,39.269981384277344,38.46444320678711,39.12523651123047
2008-07-11,38.584014892578125,38.89238357543945,37.608558654785156,38.19383239746094
2008-07-14,38.577720642089844,38.74134826660156,37.85399627685547,38.42039108276367
2008-07-15,38.187538146972656,38.288230895996094,37.048458099365234,37.80994415283203
2008-07-16,37.86029052734375,38.54625701904297,37.105098724365234,38.45814895629883
2008-07-17,40.59156799316406,41.101322174072266,39.38325881958008,40.717430114746094
2008-07-18,40.90623092651367,40.90623092651367,39.89930725097656,40.33354187011719
2008-07-21,40.5789794921875,40.5789794921875,39.84266662597656,40.30836868286133
2008-07-22,40.33354187011719,41.11390686035156,40.094398498535156,41.076148986816406
2008-07-23,41.2020149230957,41.51038360595703,40.74260330200195,41.3971061706543
2008-07-24,41.49779510498047,41.52296829223633,40.30207824707031,40.402767181396484
2008-07-25,40.522342681884766,41.0887336730957,40.5097541809082,41.05097579956055
2008-07-28,41.20830535888672,41.20830535888672,40.28319549560547,40.32095718383789
2008-07-29,40.30207824707031,41.30270767211914,40.27690505981445,41.23347854614258
2008-07-30,41.308998107910156,41.92573928833008,41.1453742980957,41.69289016723633
2008-07-31,41.409690856933594,41.56702423095703,40.24543762207031,40.26431655883789
2008-08-01,40.32095718383789,40.484580993652344,39.60981750488281,40.0
2008-08-04,39.943359375,40.42164993286133,39.42731475830078,40.1258659362793
2008-08-05,40.37759780883789,41.2838249206543,40.0692253112793,41.24606704711914
2008-08-06,41.151668548583984,42.001258850097656,40.85588455200195,41.88168716430664
2008-08-07,41.42856979370117,41.50408935546875,40.67967224121094,40.74260330200195
2008-08-08,40.837005615234375,42.13341522216797,40.59156799316406,42.076778411865234
2008-08-11,41.969791412353516,42.54248046875,41.755821228027344,42.3033332824707
2008-08-12,42.13970947265625,42.315921783447266,41.7243537902832,41.85651397705078
2008-08-13,41.62366485595703,41.88798141479492,41.038387298583984,41.59849166870117
2008-08-14,41.353050231933594,42.16488265991211,41.101322174072266,41.61107635498047
2008-08-15,41.755821228027344,42.35368347167969,41.55443572998047,42.03901672363281
2008-08-18,42.23411178588867,42.23411178588867,41.08244323730469,41.42856979370117
2008-08-19,41.0887336730957,41.19572067260742,40.66079330444336,40.87476348876953
2008-08-20,40.89364242553711,41.00062942504883,40.27061080932617,40.748897552490234
2008-08-21,40.33983612060547,40.7048454284668,39.97482681274414,40.409061431884766
2008-08-22,40.830711364746094,41.57331848144531,39.64757537841797,41.52296829223633
2008-08-25,41.34675979614258,41.40339660644531,40.5789794921875,40.88105773925781
2008-08-26,40.68596649169922,40.98804473876953,40.50345993041992,40.837005615234375
2008-08-27,40.8181266784668,41.095027923583984,40.59156799316406,40.93769836425781
2008-08-28,41.151668548583984,42.15229797363281,40.91252517700195,41.988670349121094
2008-08-29,41.74952697753906,42.09565734863281,41.176841735839844,41.27753448486328
2008-09-02,41.80616760253906,42.76274490356445,41.34675979614258,41.63624954223633
2008-09-03,42.6683464050293,42.6683464050293,41.7243537902832,42.42919921875
2008-09-04,41.988670349121094,42.15858840942383,40.427940368652344,40.830711364746094
2008-09-05,40.5789794921875,40.95028305053711,40.07551956176758,40.32725143432617
2008-09-08,41.076148986816406,41.58590316772461,40.465702056884766,41.3971061706543
2008-09-09,41.25865173339844,41.53555679321289,40.34613037109375,40.34613037109375
2008-09-10,40.56010055541992,40.56010055541992,39.58464431762695,39.848960876464844
2008-09-11,39.64128494262695,40.23284912109375,39.219635009765625,40.23284912109375
2008-09-12,39.905601501464844,40.843299865722656,39.86783981323242,40.5663948059082
2008-09-15,39.540592193603516,40.35242462158203,39.34550094604492,39.72309494018555
2008-09-16,39.11894226074219,40.144744873046875,38.955318450927734,39.71680450439453
2008-09-17,39.188167572021484,39.38325881958008,38.13090133666992,38.2064208984375
2008-09-18,38.59660339355469,39.509124755859375,37.53303909301758,39.326622009277344
2008-09-19,40.59785842895508,42.15858840942383,38.39521789550781,40.465702056884766
2008-09-22,39.98112106323242,40.65449905395508,38.56513595581055,38.77910614013672
2008-09-23,38.82945251464844,39.31403350830078,37.73442459106445,37.85399627685547
2008-09-24,37.5267448425293,38.212711334228516,37.21208190917969,37.5267448425293
2008-09-25,37.82882308959961,38.04908752441406,37.048458099365234,37.23725509643555
2008-09-26,36.57646179199219,38.33857727050781,36.3687858581543,38.300819396972656
2008-09-29,37.690372467041016,37.88546371459961,35.33668899536133,35.65764617919922
2008-09-30,36.07929611206055,37.98615646362305,35.85273742675781,37.79735565185547
2008-10-01,37.43234634399414,37.73442459106445,36.8911247253418,37.20579147338867
2008-10-02,36.784141540527344,37.0610466003418,34.543739318847656,34.60037612915039
2008-10-03,35.468849182128906,35.93455123901367,34.480804443359375,34.52485656738281
2008-10-06,33.908119201660156,34.28571319580078,31.661422729492188,33.13404846191406
2008-10-07,33.0648193359375,33.97734451293945,31.485210418701172,31.54184913635254
2008-10-08,30.711139678955078,32.718692779541016,30.62303352355957,31.26494789123535
2008-10-09,31.93203353881836,32.06418991088867,29.156702041625977,29.156702041625977
2008-10-10,28.325990676879883,31.86280632019043,27.237255096435547,29.97482681274414
2008-10-13,31.025802612304688,34.10321044921875,30.799245834350586,34.06544876098633
2008-10-14,36.26809310913086,36.26809310913086,32.47954559326172,33.058528900146484
2008-10-15,32.341094970703125,34.166141510009766,30.723726272583008,30.994335174560547
2008-10-16,31.27753257751465,33.65009307861328,29.97482681274414,33.27879333496094
2008-10-17,33.18439483642578,33.67526626586914,31.680301666259766,31.91315269470215
2008-10-20,32.315921783447266,32.90748977661133,30.994335174560547,32.869728088378906
2008-10-21,32.22152328491211,32.90748977661133,31.724355697631836,32.06418991088867
2008-10-22,31.359346389770508,31.88168716430664,29.899307250976562,30.58527374267578
2008-10-23,30.811830520629883,31.441158294677734,28.99307632446289,30.64191246032715
2008-10-24,28.4329776763916,30.780364990234375,28.344871520996094,29.773441314697266
2008-10-27,29.37696647644043,30.069225311279297,28.319698333740234,28.4329776763916
2008-10-28,29.106355667114258,32.38514709472656,28.74134635925293,32.278160095214844
2008-10-29,32.599117279052734,33.983638763427734,32.0327262878418,32.77532958984375
2008-10-30,33.958465576171875,34.512271881103516,32.56135940551758,33.71302795410156
2008-10-31,33.983638763427734,35.00314712524414,33.03964614868164,34.587791442871094
2008-11-03,34.587791442871094,35.05349349975586,34.04027557373047,34.140968322753906
2008-11-04,35.24229049682617,36.27438735961914,34.858402252197266,36.02894973754883
2008-11-05,35.53178024291992,35.833858489990234,33.668975830078125,33.77595901489258
2008-11-06,33.46759033203125,34.10950469970703,31.61107635498047,31.8502197265625
2008-11-07,32.045310974121094,32.69981002807617,31.56072998046875,32.605411529541016
2008-11-10,33.36689758300781,34.13467788696289,32.35368347167969,32.84455490112305
2008-11-11,32.35368347167969,33.354312896728516,31.466331481933594,32.599117279052734
2008-11-12,31.969791412353516,32.001258850097656,30.792951583862305,30.843297958374023
2008-11-13,31.340465545654297,33.008182525634766,29.307741165161133,32.90119552612305
2008-11-14,32.278160095214844,33.70673370361328,31.302705764770508,31.61107635498047
2008-11-17,31.22089385986328,31.806167602539062,30.213970184326172,30.30207633972168
2008-11-18,29.98741340637207,31.151668548583984,29.70421600341797,31.038389205932617
2008-11-19,30.92510986328125,31.183134078979492,28.860919952392578,28.942731857299805
2008-11-20,28.508495330810547,29.194461822509766,26.910005569458008,27.19949722290039
2008-11-21,27.55191993713379,29.597230911254883,26.28067970275879,29.37067222595215
2008-11-24,29.68533706665039,31.384519577026367,29.03083610534668,30.906230926513672
2008-11-25,31.466331481933594,31.466331481933594,29.320327758789062,29.66016387939453
2008-11-26,29.0685977935791,30.06293296813965,28.76022720336914,30.03775978088379
2008-11-28,29.930774688720703,30.64820671081543,29.930774688720703,30.541221618652344
2008-12-01,30.163625717163086,30.163625717163086,28.602895736694336,28.709880828857422
2008-12-02,29.219635009765625,29.32662010192871,28.351163864135742,28.986783981323242
2008-12-03,28.83574676513672,29.899307250976562,28.4455623626709,29.779735565185547
2008-12-04,29.41472625732422,30.33354377746582,29.213342666625977,29.67904281616211
2008-12-05,29.3643798828125,31.088735580444336,28.83574676513672,30.843297958374023
2008-12-08,31.53555679321289,31.780994415283203,30.541221618652344,30.61673927307129
2008-12-09,30.478288650512695,30.69855308532715,29.67904281616211,30.188798904418945
2008-12-10,30.490875244140625,30.818124771118164,29.71051025390625,30.213970184326172
2008-12-11,29.69162940979004,30.61044692993164,29.35808753967285,29.62869644165039
2008-12-12,28.829452514648438,30.805538177490234,28.646947860717773,30.723726272583008
2008-12-15,31.145374298095703,31.529264450073242,30.755191802978516,31.23348045349121
2008-12-16,31.87539291381836,32.6117057800293,30.88735008239746,32.51730728149414
2008-12-17,32.0327262878418,32.391441345214844,31.604782104492188,31.84392738342285
2008-12-18,31.95720672607422,32.54877471923828,31.79987335205078,31.976085662841797
2008-12-19,32.85084915161133,32.95783615112305,31.655128479003906,32.32850646972656
2008-12-22,31.87539291381836,32.6683464050293,31.434865951538086,32.56135940551758
2008-12-23,32.72498321533203,32.951541900634766,31.711767196655273,31.85651397705078
2008-12-24,31.963499069213867,32.347389221191406,31.749528884887695,32.19005584716797
2008-12-26,32.23411178588867,32.422908782958984,31.8502197265625,32.17747116088867
2008-12-29,32.045310974121094,32.3033332824707,31.705474853515625,32.3033332824707
2008-12-30,32.58653259277344,33.44241714477539,32.366268157958984,33.37948226928711
2008-12-31,33.44871139526367,34.03398513793945,33.37948226928711,33.73190689086914
2009-01-02,33.643802642822266,34.76400375366211,33.373191833496094,34.58149719238281
2009-01-05,34.185020446777344,34.60037612915039,33.85777282714844,34.17243576049805
2009-01-06,34.36123275756836,34.933921813964844,34.04656982421875,34.537445068359375
2009-01-07,33.76337432861328,33.926998138427734,33.25362014770508,33.68156051635742
2009-01-08,33.46129608154297,33.83259963989258,33.209564208984375,33.67526626586914
2009-01-09,33.88924026489258,33.983638763427734,33.07111358642578,33.16551208496094
2009-01-12,33.14663314819336,33.42982864379883,32.72498321533203,32.951541900634766
2009-01-13,32.77532958984375,33.08369827270508,31.655128479003906,31.969791412353516
2009-01-14,31.403398513793945,31.780994415283203,30.994335174560547,31.485210418701172
2009-01-15,31.485210418701172,31.787288665771484,30.32095718383789,31.271240234375
2009-01-16,31.812461853027344,32.41032028198242,31.22718620300293,32.15858840942383
2009-01-20,32.0327262878418,32.25299072265625,30.9314022064209,31.063562393188477
2009-01-21,31.20830726623535,31.397104263305664,29.69792366027832,30.994335174560547
2009-01-22,30.62303352355957,31.057268142700195,30.044052124023438,30.805538177490234
2009-01-23,29.861547470092773,30.30207633972168,29.540592193603516,29.836374282836914
2009-01-26,30.144744873046875,31.107614517211914,29.886720657348633,30.62932777404785
2009-01-27,31.000629425048828,31.371931076049805,30.541221618652344,30.9880428314209
2009-01-28,31.113908767700195,32.13970947265625,31.113908767700195,31.88168716430664
2009-01-29,31.466331481933594,31.58590316772461,30.522340774536133,30.6356201171875
2009-01-30,30.67337989807129,31.371931076049805,29.798614501953125,30.201385498046875
2009-02-02,29.741975784301758,30.31466293334961,29.540592193603516,29.918188095092773
2009-02-03,30.358715057373047,30.61044692993164,29.67275047302246,30.402769088745117
2009-02-04,30.377595901489258,30.748899459838867,29.798614501953125,29.911893844604492
2009-02-05,29.72309684753418,30.541221618652344,29.276273727416992,30.23914337158203
2009-02-06,30.31466293334961,31.195720672607422,30.201385498046875,30.855884552001953
2009-02-09,30.893644332885742,31.384519577026367,30.58527374267578,31.22718620300293
2009-02-10,30.994335174560547,31.327878952026367,29.4210205078125,29.616111755371094
2009-02-11,29.741975784301758,30.226558685302734,29.578350067138672,29.968534469604492
2009-02-12,29.32662010192871,29.584644317626953,28.577722549438477,29.521711349487305
2009-02-13,29.66645622253418,30.182504653930664,29.439899444580078,29.634990692138672
2009-02-17,28.930145263671875,29.395845413208008,28.4329776763916,28.74764060974121
2009-02-18,28.79169273376465,28.886091232299805,28.017620086669922,28.225299835205078
2009-02-19,28.4455623626709,28.904972076416016,28.074260711669922,28.14348602294922
2009-02-20,27.709251403808594,28.13089942932129,27.237255096435547,27.684078216552734
2009-02-23,27.77847671508789,27.992448806762695,26.57016944885254,26.651981353759766
2009-02-24,26.664569854736328,27.281309127807617,26.28067970275879,27.061044692993164
2009-02-25,26.847074508666992,26.847074508666992,25.840150833129883,26.129640579223633
2009-02-26,26.274385452270508,26.48206329345703,25.808685302734375,25.865324020385742
2009-02-27,25.55695343017578,26.022655487060547,25.23599624633789,25.695405960083008
2009-03-02,25.31781005859375,25.3807430267334,24.594083786010742,24.650724411010742
2009-03-03,24.845815658569336,24.877281188964844,24.172435760498047,24.260541915893555
2009-03-04,24.650724411010742,25.072372436523438,24.468219757080078,24.64443016052246
2009-03-05,23.971050262451172,24.461925506591797,23.668973922729492,23.864065170288086
2009-03-06,24.06545066833496,24.40528678894043,23.75078773498535,24.254247665405273
2009-03-09,23.933290481567383,24.38640785217285,23.536815643310547,23.637508392333984
2009-03-10,24.09691619873047,25.67023277282715,23.870359420776367,25.67023277282715
2009-03-11,25.707992553710938,26.23662757873535,25.393329620361328,25.840150833129883
2009-03-12,25.68911361694336,26.425424575805664,25.173065185546875,26.30585289001465
2009-03-13,26.091882705688477,26.381372451782227,25.361862182617188,25.531780242919922
2009-03-16,25.733165740966797,26.57016944885254,25.676525115966797,25.877910614013672
2009-03-17,25.92825698852539,26.26180076599121,25.29892921447754,26.24921226501465
2009-03-18,26.110761642456055,26.733795166015625,25.468847274780273,26.356199264526367
2009-03-19,26.60163688659668,26.60163688659668,25.733165740966797,25.833858489990234
2009-03-20,26.186281204223633,26.381372451782227,25.418502807617188,25.506607055664062
2009-03-23,26.028949737548828,27.40717315673828,25.95343017578125,27.363121032714844
2009-03-24,27.035871505737305,27.614852905273438,26.954059600830078,27.19320297241211
2009-03-25,27.369415283203125,28.13719367980957,26.88483238220215,27.49527931213379
2009-03-26,27.56450653076172,28.691001892089844,27.413467407226562,28.615480422973633
2009-03-27,28.332284927368164,28.514789581298828,27.8665828704834,27.992448806762695
2009-03-30,27.438640594482422,27.633731842041016,26.51982307434082,26.809314727783203
2009-03-31,26.82819366455078,27.602266311645508,26.809314727783203,27.048458099365234
2009-04-01,26.714914321899414,27.80364990234375,26.469478607177734,27.614852905273438
2009-04-02,28.275644302368164,29.4210205078125,28.12460708618164,28.911264419555664
2009-04-03,29.11264991760254,29.150409698486328,28.288232803344727,28.71617317199707
2009-04-06,28.508495330810547,29.175582885742188,28.08684730529785,29.144115447998047
2009-04-07,28.684707641601562,28.999370574951172,28.256765365600586,28.42038917541504
2009-04-08,28.495908737182617,28.558841705322266,27.621145248413086,28.08055305480957
2009-04-09,28.829452514648438,29.893014907836914,28.785400390625,29.76085662841797
2009-04-13,29.477659225463867,29.477659225463867,28.659534454345703,29.194461822509766
2009-04-14,28.949024200439453,29.11264991760254,28.42668342590332,28.665828704833984
2009-04-15,28.571428298950195,29.70421600341797,28.514789581298828,29.42731285095215
2009-04-16,29.67904281616211,30.132158279418945,28.930145263671875,29.893014907836914
2009-04-17,30.044052124023438,30.37130355834961,29.754562377929688,29.779735565185547
2009-04-20,29.345500946044922,29.433605194091797,28.634361267089844,28.829452514648438
2009-04-21,29.73568344116211,30.742605209350586,29.572057723999023,30.201385498046875
2009-04-22,29.97482681274414,30.484580993652344,29.477659225463867,29.509124755859375
2009-04-23,29.44619369506836,30.30207633972168,29.11264991760254,30.232851028442383
2009-04-24,30.37130355834961,31.26494789123535,30.106985092163086,31.069854736328125
2009-04-27,30.755191802978516,31.050975799560547,30.30837059020996,30.497167587280273
2009-04-28,30.01258659362793,30.560100555419922,29.792322158813477,30.188798904418945
2009-04-29,30.503461837768555,31.25235939025879,30.30207633972168,30.780364990234375
2009-04-30,31.139080047607422,31.642541885375977,30.534927368164062,30.736312866210938
2009-05-01,31.00692367553711,31.334171295166016,30.62303352355957,31.16425323486328
2009-05-04,31.22718620300293,32.347389221191406,31.22718620300293,32.20893478393555
2009-05-05,32.0327262878418,32.662052154541016,32.0327262878418,32.61800003051758
2009-05-06,32.9389533996582,33.259910583496094,32.4166145324707,32.90748977661133
2009-05-07,32.90119552612305,33.20327377319336,32.22152328491211,32.54877471923828
2009-05-08,32.98929977416992,33.73820114135742,32.11453628540039,33.700439453125
2009-05-11,33.16551208496094,33.43612289428711,32.79420852661133,33.03964614868164
2009-05-12,33.28508377075195,33.39836502075195,32.56135940551758,33.25362014770508
2009-05-13,32.372562408447266,32.372562408447266,31.384519577026367,31.8502197265625
2009-05-14,31.969791412353516,32.75645065307617,31.938325881958008,32.4166145324707
2009-05-15,32.334800720214844,32.687225341796875,32.045310974121094,32.27186965942383
2009-05-18,32.19635009765625,33.39836502075195,32.19635009765625,33.34172439575195
2009-05-19,33.25362014770508,33.46129608154297,32.85714340209961,32.913780212402344
2009-05-20,33.15922164916992,33.28508377075195,32.46696090698242,32.56135940551758
2009-05-21,32.12083053588867,32.20893478393555,31.403398513793945,31.944618225097656
2009-05-22,31.95720672607422,32.57394790649414,31.793581008911133,32.12083053588867
2009-05-26,32.12083053588867,33.373191833496094,31.86910057067871,33.1906852722168
2009-05-27,33.25362014770508,33.48017501831055,32.366268157958984,32.372562408447266
2009-05-28,32.636878967285156,33.08369827270508,32.06418991088867,32.96412658691406
2009-05-29,33.058528900146484,33.16551208496094,32.5550651550293,33.1088752746582
2009-06-01,33.662681579589844,34.97797393798828,33.48646926879883,34.78288269042969
2009-06-02,34.74512481689453,35.19194412231445,34.4052848815918,34.97797393798828
2009-06-03,34.68848419189453,34.8458137512207,34.10950469970703,34.41787338256836
2009-06-04,34.52485656738281,34.87098693847656,34.4052848815918,34.69477844238281
2009-06-05,35.173065185546875,35.86532211303711,35.1541862487793,35.487728118896484
2009-06-08,35.39962387084961,35.85273742675781,34.78917694091797,35.5506591796875
2009-06-09,35.60100555419922,35.65135192871094,34.66960525512695,34.94021224975586
2009-06-10,35.27375793457031,35.380741119384766,34.32976531982422,34.92762756347656
2009-06-11,35.05978775024414,35.44367599487305,34.81435012817383,34.9590950012207
2009-06-12,34.826934814453125,35.223411560058594,34.46821975708008,35.141597747802734
2009-06-15,34.80805587768555,34.86469650268555,33.964759826660156,34.43675231933594
2009-06-16,34.455631256103516,34.78917694091797,34.20390319824219,34.34864807128906
2009-06-17,34.273128509521484,34.75770950317383,34.20390319824219,34.41157913208008
2009-06-18,34.4052848815918,34.801761627197266,34.3360595703125,34.568912506103516
2009-06-19,34.75141525268555,34.770294189453125,34.00251770019531,34.10950469970703
2009-06-22,33.88924026489258,33.88924026489258,32.926368713378906,33.08999252319336
2009-06-23,33.241031646728516,33.329139709472656,32.50471878051758,32.624290466308594
2009-06-24,32.894901275634766,33.0522346496582,31.743234634399414,31.976085662841797
2009-06-25,31.86280632019043,32.945247650146484,31.806167602539062,32.74386215209961
2009-06-26,32.56135940551758,32.77532958984375,32.21522903442383,32.44178771972656
2009-06-29,32.599117279052734,33.12775421142578,32.53618621826172,33.02076721191406
2009-06-30,32.976715087890625,33.1088752746582,32.19005584716797,32.69981002807617
2009-07-01,32.81938171386719,33.15922164916992,32.75015640258789,32.90119552612305
2009-07-02,32.53618621826172,32.57394790649414,31.403398513793945,31.617368698120117
2009-07-06,31.384519577026367,32.083072662353516,31.044681549072266,32.0327262878418
2009-07-07,32.026432037353516,32.08936309814453,31.076148986816406,31.107614517211914
2009-07-08,31.302705764770508,31.4977970123291,30.843297958374023,31.26494789123535
2009-07-09,31.58590316772461,31.86280632019043,31.145374298095703,31.24606704711914
2009-07-10,30.96916389465332,31.460037231445312,30.837003707885742,31.23977279663086
2009-07-13,31.371931076049805,32.42919921875,31.22089385986328,32.3599739074707
2009-07-14,32.4732551574707,32.56135940551758,32.01384353637695,32.46066665649414
2009-07-15,32.869728088378906,33.9395866394043,32.737571716308594,33.8263053894043
2009-07-16,33.85777282714844,34.14726257324219,33.354312896728516,33.964759826660156
2009-07-17,33.876651763916016,33.97734451293945,33.505348205566406,33.85777282714844
2009-07-20,34.008811950683594,34.63184356689453,33.952171325683594,34.594085693359375
2009-07-21,34.2668342590332,34.38640594482422,33.700439453125,33.964759826660156
2009-07-22,33.86406326293945,34.159847259521484,33.297672271728516,33.42982864379883
2009-07-23,33.51164245605469,33.820011138916016,33.12775421142578,33.59345626831055
2009-07-24,33.59345626831055,33.6878547668457,32.630584716796875,32.869728088378906
2009-07-27,32.82567596435547,33.01447677612305,32.54877471923828,32.79420852661133
2009-07-28,32.624290466308594,33.11516571044922,32.49842834472656,33.001888275146484
2009-07-29,32.81309127807617,33.56828308105469,32.693519592285156,33.48017501831055
2009-07-30,33.79484176635742,34.60667037963867,33.62491989135742,34.12838363647461
2009-07-31,34.14726257324219,34.505977630615234,33.98992919921875,34.279422760009766
2009-08-03,34.05915832519531,34.852108001708984,34.05915832519531,34.72624206542969
2009-08-04,34.61296463012695,34.83952331542969,34.31088638305664,34.480804443359375
2009-08-05,34.5185661315918,34.5752067565918,33.77595901489258,34.12208938598633
2009-08-06,34.31718063354492,34.776588439941406,33.91441345214844,34.65072250366211
2009-08-07,34.9716796875,35.24229049682617,34.68218994140625,34.98426818847656
2009-08-10,34.9024543762207,35.512901306152344,34.833229064941406,35.173065185546875
2009-08-11,35.21082305908203,35.25487518310547,34.889869689941406,35.0975456237793
2009-08-12,35.05978775024414,36.998111724853516,35.05349349975586,36.60792922973633
2009-08-13,36.55128860473633,36.57646179199219,35.833858489990234,36.123348236083984
2009-08-14,36.00377655029297,36.299560546875,35.47514343261719,36.00377655029297
2009-08-17,35.720577239990234,35.87161636352539,35.091251373291016,35.32410430908203
2009-08-18,35.431087493896484,35.95343017578125,35.38703536987305,35.752044677734375
2009-08-19,35.166770935058594,35.63247299194336,34.9590950012207,35.24229049682617
2009-08-20,35.21711730957031,36.035240173339844,35.141597747802734,36.035240173339844
2009-08-21,36.299560546875,37.029579162597656,36.01007080078125,36.9477653503418
2009-08-24,37.086219787597656,37.5833854675293,36.98552322387695,37.319068908691406
2009-08-25,37.3882942199707,38.15607452392578,37.15544509887695,37.577091217041016
2009-08-26,37.57080078125,37.740718841552734,37.23725509643555,37.61485290527344
2009-08-27,37.52045440673828,38.036502838134766,37.46381378173828,37.76588821411133
2009-08-28,37.942100524902344,37.99244689941406,37.375709533691406,37.53303909301758
2009-08-31,37.306480407714844,37.35682678222656,37.023284912109375,37.35682678222656
2009-09-01,37.35053634643555,38.011329650878906,36.8785400390625,37.16802978515625
2009-09-02,37.12397766113281,37.312774658203125,36.92259216308594,37.03587341308594
2009-09-03,37.04216384887695,37.602264404296875,37.03587341308594,37.53933334350586
2009-09-04,37.55821228027344,38.19383239746094,37.42605209350586,38.08684539794922
2009-09-08,38.22529983520508,38.31340408325195,37.652610778808594,37.998741149902344
2009-09-09,38.06796646118164,38.62177658081055,38.06796646118164,38.53996276855469
2009-09-10,38.54625701904297,39.01824951171875,38.22529983520508,38.986785888671875
2009-09-11,39.04342269897461,39.04342269897461,38.646949768066406,39.01195526123047
2009-09-14,38.70988082885742,38.867210388183594,38.47703170776367,38.74134826660156
2009-09-15,38.81057357788086,38.848331451416016,38.50220489501953,38.57143020629883
2009-09-16,38.82945251464844,39.2385139465332,38.609188079833984,38.986785888671875
2009-09-17,38.96790313720703,39.67274856567383,38.96790313720703,39.34550094604492
2009-09-18,39.47136688232422,39.823787689208984,39.33291244506836,39.534297943115234
2009-09-21,39.31403350830078,39.66016387939453,39.20704650878906,39.43989944458008
2009-09-22,39.77973556518555,39.83637619018555,39.52171325683594,39.792320251464844
2009-09-23,39.94965362548828,40.10069274902344,39.43989944458008,39.483951568603516
2009-09-24,39.60352325439453,39.64757537841797,39.02454376220703,39.23222351074219
2009-09-25,39.137821197509766,39.137821197509766,38.39521789550781,38.728759765625
2009-09-28,38.955318450927734,39.112648010253906,38.74134826660156,38.79169464111328
2009-09-29,38.80427932739258,38.97419738769531,38.54625701904297,38.584014892578125
2009-09-30,38.49591064453125,38.72246551513672,37.740718841552734,38.344871520996094
2009-10-01,38.28193664550781,38.37633514404297,37.70295715332031,37.75330352783203
2009-10-02,37.369415283203125,37.721839904785156,37.32536315917969,37.5267448425293
2009-10-05,37.75959777832031,38.06167221069336,37.363121032714844,38.030208587646484
2009-10-06,38.31340408325195,38.96790313720703,38.19383239746094,38.69729232788086
2009-10-07,38.300819396972656,38.67841339111328,38.300819396972656,38.43297576904297
2009-10-08,38.76652145385742,39.194461822509766,38.57143020629883,38.879798889160156
2009-10-09,38.91755676269531,39.156700134277344,38.879798889160156,39.12523651123047
2009-10-12,39.219635009765625,39.326622009277344,38.41409683227539,38.68470764160156
2009-10-13,38.68470764160156,39.112648010253906,38.52108383178711,38.99937057495117
2009-10-14,39.483951568603516,40.195091247558594,39.17558288574219,40.1258659362793
2009-10-15,39.93706512451172,40.55380630493164,39.93706512451172,40.52863311767578
2009-10-16,40.37759780883789,40.96287155151367,40.35242462158203,40.837005615234375
2009-10-19,40.92510986328125,41.447452545166016,40.774070739746094,41.18313217163086
2009-10-20,40.53492736816406,41.46003723144531,40.151039123535156,41.157962799072266
2009-10-21,40.99433517456055,41.699180603027344,40.755191802978516,41.157962799072266
2009-10-22,41.069854736328125,41.57331848144531,40.843299865722656,41.472625732421875
2009-10-23,41.53555679321289,41.762115478515625,41.24606704711914,41.415985107421875
2009-10-26,41.415985107421875,41.699180603027344,40.541221618652344,40.79924392700195
2009-10-27,40.91881561279297,41.176841735839844,40.22026443481445,40.33354187011719
2009-10-28,40.138450622558594,40.47828674316406,39.38325881958008,39.40214157104492
2009-10-29,39.46507263183594,40.113277435302734,39.23222351074219,40.01258850097656
2009-10-30,39.911895751953125,40.138450622558594,38.65324020385742,38.672119140625
2009-11-02,38.83574676513672,39.60981750488281,38.6595344543457,39.4336051940918
2009-11-03,39.12523651123047,39.86783981323242,39.12523651123047,39.773441314697266
2009-11-04,39.99370574951172,40.67967224121094,39.89301300048828,40.01258850097656
2009-11-05,40.29578399658203,41.22089385986328,40.21397018432617,41.18942642211914
2009-11-06,41.132789611816406,41.359344482421875,40.71113967895508,40.95028305053711
2009-11-09,41.30270767211914,42.00755310058594,40.97545623779297,41.994964599609375
2009-11-10,42.001258850097656,42.290748596191406,41.71806335449219,41.994964599609375
2009-11-11,42.076778411865234,42.448081970214844,41.93203353881836,42.14600372314453
2009-11-12,42.259281158447266,42.52360153198242,41.85651397705078,41.9760856628418
2009-11-13,42.076778411865234,42.951541900634766,41.95091247558594,42.78791809082031
2009-11-16,42.983009338378906,43.67526626586914,42.80050277709961,43.637508392333984
2009-11-17,43.662681579589844,44.02769088745117,43.47388458251953,44.008811950683594
2009-11-18,43.88924026489258,43.901824951171875,43.04594039916992,43.3039665222168
2009-11-19,43.09628677368164,43.09628677368164,42.347389221191406,42.80050277709961
2009-11-20,42.624290466308594,42.86343765258789,42.4732551574707,42.77532958984375
2009-11-23,43.1214599609375,43.505348205566406,42.976715087890625,43.25362014770508
2009-11-24,43.1088752746582,43.25362014770508,42.737571716308594,42.96412658691406
2009-11-25,43.08999252319336,43.08999252319336,42.74386215209961,42.98929977416992
2009-11-27,42.12083053588867,42.52989196777344,41.755821228027344,42.290748596191406
2009-11-30,42.27186965942383,42.45437240600586,41.86280822753906,42.315921783447266
2009-12-01,42.79420852661133,43.22844696044922,42.73127746582031,42.79420852661133
2009-12-02,42.624290466308594,43.20327377319336,42.49213409423828,42.88861083984375
2009-12-03,42.82567596435547,43.10258102416992,42.278160095214844,42.32850646972656
2009-12-04,42.662052154541016,43.31025695800781,42.47954559326172,42.9955940246582
2009-12-07,42.9955940246582,43.549400329589844,42.920074462890625,43.33543014526367
2009-12-08,43.1214599609375,43.1214599609375,42.41032028198242,42.9389533996582
2009-12-09,42.630584716796875,42.73127746582031,42.00755310058594,42.422908782958984
2009-12-10,42.655757904052734,43.42353820800781,42.52989196777344,42.75015640258789
2009-12-11,43.31025695800781,43.83259963989258,43.20327377319336,43.67526626586914
2009-12-14,43.98992919921875,44.04027557373047,43.71931838989258,43.99622344970703
2009-12-15,43.91441345214844,44.241661071777344,43.65009307861328,44.2101936340332
2009-12-16,44.30459213256836,44.52485656738281,44.10950469970703,44.2101936340332
2009-12-17,44.09062194824219,44.12838363647461,43.71302795410156,43.78854751586914
2009-12-18,43.98992919921875,44.05286407470703,43.49905776977539,43.71302795410156
2009-12-21,43.7696647644043,44.07174301147461,43.59974670410156,43.65009307861328
2009-12-22,43.662681579589844,43.964759826660156,43.555694580078125,43.643802642822266
2009-12-23,43.65009307861328,43.91441345214844,43.505348205566406,43.74449157714844
2009-12-24,43.851478576660156,44.36752700805664,43.851478576660156,44.279422760009766
2009-12-28,44.241661071777344,44.543739318847656,44.04656982421875,44.34235382080078
2009-12-29,44.42416763305664,44.61296463012695,44.241661071777344,44.241661071777344
2009-12-30,44.241661071777344,44.3927001953125,44.05286407470703,44.36123275756836
2009-12-31,44.474510192871094,44.531150817871094,43.62491989135742,43.68156051635742
2010-01-04,44.185020446777344,45.223411560058594,43.964759826660156,45.07866668701172
2010-01-05,45.084957122802734,45.084957122802734,44.22907638549805,44.4052848815918
2010-01-06,44.4052848815918,44.5752067565918,44.07174301147461,44.17243576049805
2010-01-07,44.05915832519531,44.44304656982422,43.78225326538086,44.36123275756836
2010-01-08,44.216487884521484,44.49339294433594,44.2101936340332,44.4493408203125
2010-01-11,44.512271881103516,45.47514343261719,44.512271881103516,45.412208557128906
2010-01-12,45.18564987182617,45.28004837036133,44.71995162963867,45.147891998291016
2010-01-13,45.198238372802734,45.726871490478516,45.179359436035156,45.6639404296875
2010-01-14,45.462554931640625,45.84644317626953,45.38703536987305,45.82126998901367
2010-01-15,45.833858489990234,45.89678955078125,45.110130310058594,45.30522155761719
2010-01-19,45.30522155761719,45.90308380126953,45.084957122802734,45.494022369384766
2010-01-20,45.31781005859375,45.462554931640625,44.4493408203125,44.95280075073242
2010-01-21,44.96538543701172,45.21711730957031,43.895530700683594,44.13467788696289
2010-01-22,43.97105026245117,44.23536682128906,43.42353820800781,43.47388458251953
2010-01-25,43.74449157714844,43.74449157714844,43.14663314819336,43.16551208496094
2010-01-26,42.79420852661133,43.33543014526367,42.6683464050293,43.08999252319336
2010-01-27,42.32850646972656,42.69981002807617,41.8502197265625,42.54877471923828
2010-01-28,42.599117279052734,42.687225341796875,41.88168716430664,42.397735595703125
2010-01-29,42.41032028198242,43.10258102416992,41.93832778930664,42.46696090698242
2010-02-01,42.64317321777344,42.77532958984375,42.290748596191406,42.51101303100586
2010-02-02,42.72498321533203,43.0648193359375,42.599117279052734,42.81309127807617
2010-02-03,42.680931091308594,43.0648193359375,42.605411529541016,42.945247650146484
2010-02-04,42.712398529052734,42.76274490356445,41.74952697753906,41.77470016479492
2010-02-05,41.77470016479492,42.16488265991211,40.93769836425781,41.8502197265625
2010-02-08,41.711769104003906,41.74323654174805,41.101322174072266,41.157962799072266
2010-02-09,41.66142272949219,42.23411178588867,41.353050231933594,41.86280822753906
2010-02-10,41.86280822753906,42.12083053588867,41.60478210449219,41.93832778930664
2010-02-11,41.762115478515625,42.07048416137695,41.447452545166016,41.98237991333008
2010-02-12,41.472625732421875,41.699180603027344,40.91252517700195,41.3404655456543
2010-02-16,41.57331848144531,41.80616760253906,41.25865173339844,41.74323654174805
2010-02-17,41.7243537902832,42.49842834472656,41.422279357910156,42.38514709472656
2010-02-18,42.49842834472656,42.976715087890625,42.42919921875,42.86343765258789
2010-02-19,42.945247650146484,43.36060333251953,42.86343765258789,43.1214599609375
2010-02-22,43.322845458984375,43.373191833496094,42.87602233886719,43.04594039916992
2010-02-23,43.033355712890625,43.266204833984375,42.61800003051758,42.662052154541016
2010-02-24,42.913780212402344,43.234737396240234,42.662052154541016,43.18439483642578
2010-02-25,42.52360153198242,43.234737396240234,42.19635009765625,43.215858459472656
2010-02-26,43.215858459472656,43.41094970703125,42.88231658935547,43.20327377319336
2010-03-01,43.322845458984375,43.926998138427734,43.322845458984375,43.8263053894043
2010-03-02,43.983638763427734,44.05286407470703,43.8263053894043,43.895530700683594
2010-03-03,43.952171325683594,44.29200744628906,43.69414520263672,43.80113220214844
2010-03-04,43.83889389038086,44.55002975463867,43.8263053894043,44.28571319580078
2010-03-05,44.41157913208008,44.877281188964844,44.41157913208008,44.83952331542969
2010-03-08,44.801761627197266,44.94650650024414,44.531150817871094,44.531150817871094
2010-03-09,45.00314712524414,45.468849182128906,44.78288269042969,45.173065185546875
2010-03-10,45.29263687133789,45.44997024536133,44.92133331298828,45.179359436035156
2010-03-11,45.28004837036133,45.33668899536133,44.8458137512207,45.33668899536133
2010-03-12,45.179359436035156,45.5947151184082,44.770294189453125,45.01573181152344
2010-03-15,45.00314712524414,45.380741119384766,44.883575439453125,45.21082305908203
2010-03-16,45.29263687133789,45.62617874145508,45.05349349975586,45.56324768066406
2010-03-17,45.70799255371094,45.814979553222656,45.34927749633789,45.431087493896484
2010-03-18,45.36186218261719,45.65764617919922,45.34927749633789,45.62617874145508
2010-03-19,46.091880798339844,46.40654373168945,45.76463317871094,46.091880798339844
2010-03-22,45.726871490478516,45.95972442626953,45.67023468017578,45.69540786743164
2010-03-23,45.76463317871094,46.047828674316406,45.6765251159668,45.99748229980469
2010-03-24,45.92825698852539,46.28068161010742,45.7898063659668,45.96601486206055
2010-03-25,46.19886779785156,46.45689010620117,46.05412292480469,46.11075973510742
2010-03-26,46.2303352355957,46.61422348022461,46.2303352355957,46.331024169921875
2010-03-29,46.438011169433594,46.77155303955078,46.337318420410156,46.57017135620117
2010-03-30,46.708621978759766,47.105098724365234,46.53870391845703,46.651981353759766
2010-03-31,46.52611541748047,46.77784729003906,46.20515823364258,46.32473373413086
2010-04-01,46.48835754394531,46.87224578857422,46.28068161010742,46.651981353759766
2010-04-05,46.77155303955078,47.16802978515625,46.708621978759766,47.105098724365234
2010-04-06,46.91000747680664,47.18061828613281,46.83448791503906,46.991817474365234
2010-04-07,46.91630172729492,46.972938537597656,46.27438735961914,46.56387710571289
2010-04-08,46.37508010864258,46.51353073120117,46.1170539855957,46.381370544433594
2010-04-09,46.387664794921875,46.57017135620117,46.19886779785156,46.56387710571289
2010-04-12,46.79672622680664,46.79672622680664,46.3121452331543,46.419132232666016
2010-04-13,46.30585479736328,46.387664794921875,45.89678955078125,46.2303352355957
2010-04-14,46.148521423339844,46.60163497924805,46.02265548706055,46.57017135620117
2010-04-15,46.50094223022461,47.023284912109375,46.419132232666016,46.95405960083008
2010-04-16,46.98552322387695,47.0610466003418,46.073001861572266,46.37508010864258
2010-04-19,46.2303352355957,46.450599670410156,45.94084167480469,46.419132232666016
2010-04-20,46.651981353759766,46.998111724853516,46.11075973510742,46.6960334777832
2010-04-21,46.337318420410156,48.51478958129883,46.337318420410156,48.41409683227539
2010-04-22,48.22529983520508,48.300819396972656,47.79106521606445,48.09943389892578
2010-04-23,48.15607452392578,48.319698333740234,47.690372467041016,48.12460708618164
2010-04-26,48.187538146972656,48.50849533081055,47.99244689941406,48.0805549621582
2010-04-27,47.96098327636719,48.04908752441406,46.61422348022461,46.77155303955078
2010-04-28,46.972938537597656,47.13656234741211,46.29326629638672,46.98552322387695
2010-04-29,47.394588470458984,48.04908752441406,47.30018997192383,47.84141159057617
2010-04-30,47.84141159057617,48.13719177246094,47.13656234741211,47.16802978515625
2010-05-03,47.363121032714844,48.06796646118164,47.287601470947266,48.005035400390625
2010-05-04,47.5833854675293,47.5833854675293,46.22404098510742,46.670860290527344
2010-05-05,46.3121452331543,46.765262603759766,45.833858489990234,46.3121452331543
2010-05-06,45.97230911254883,46.57017135620117,41.013214111328125,44.833229064941406
2010-05-07,44.587791442871094,44.9716796875,43.33543014526367,43.71302795410156
2010-05-10,45.65135192871094,46.16110610961914,45.31151580810547,45.96601486206055
2010-05-11,45.525489807128906,46.727500915527344,45.519195556640625,46.02265548706055
2010-05-12,45.97230911254883,46.21145248413086,45.6765251159668,46.035240173339844
2010-05-13,46.01007080078125,46.63939666748047,45.77092361450195,45.85273742675781
2010-05-14,45.53178024291992,45.69540786743164,44.487098693847656,45.04719924926758
2010-05-17,45.12901306152344,45.31151580810547,44.00251770019531,44.70106887817383
2010-05-18,45.03461456298828,45.27375793457031,44.35493850708008,44.480804443359375
2010-05-19,44.15355682373047,44.52485656738281,43.209564208984375,43.643802642822266
2010-05-20,42.6683464050293,43.14663314819336,41.762115478515625,41.80616760253906
2010-05-21,40.64191436767578,42.23411178588867,40.64191436767578,41.812461853027344
2010-05-24,41.95091247558594,42.0327262878418,41.415985107421875,41.61737060546875
2010-05-25,40.490875244140625,41.730648040771484,40.144744873046875,41.63624954223633
2010-05-26,42.051605224609375,42.636878967285156,41.53555679321289,41.62995529174805
2010-05-27,42.37885665893555,42.86343765258789,42.15858840942383,42.86343765258789
2010-05-28,42.951541900634766,43.0522346496582,42.19005584716797,42.404029846191406
2010-06-01,41.9068603515625,42.46066665649414,41.49150466918945,41.56702423095703
2010-06-02,41.83134078979492,42.49842834472656,41.51038360595703,42.45437240600586
2010-06-03,42.64317321777344,42.951541900634766,42.341094970703125,42.69981002807617
2010-06-04,41.92573928833008,42.045310974121094,40.830711364746094,40.99433517456055
2010-06-07,41.069854736328125,41.18942642211914,39.74197769165039,39.78602981567383
2010-06-08,39.804908752441406,40.44682312011719,39.572059631347656,40.409061431884766
2010-06-09,40.56010055541992,40.786659240722656,39.8174934387207,39.911895751953125
2010-06-10,40.61044692993164,41.29641342163086,40.18879699707031,41.214599609375
2010-06-11,40.862178802490234,41.71806335449219,40.62303161621094,41.680301666259766
2010-06-14,41.84392547607422,42.687225341796875,41.812461853027344,42.101951599121094
2010-06-15,42.17747116088867,43.209564208984375,42.13970947265625,43.17180633544922
2010-06-16,42.90748977661133,43.241031646728516,42.82567596435547,43.16551208496094
2010-06-17,43.20327377319336,43.234737396240234,42.6117057800293,43.14663314819336
2010-06-18,43.20327377319336,43.580867767333984,43.11516571044922,43.53681564331055
2010-06-21,44.2668342590332,44.44304656982422,43.44871139526367,43.65638732910156
2010-06-22,43.612335205078125,43.845184326171875,42.69981002807617,42.78791809082031
2010-06-23,42.90748977661133,43.22844696044922,42.45437240600586,42.78791809082031
2010-06-24,42.72498321533203,43.11516571044922,42.26557540893555,42.38514709472656
2010-06-25,42.43549346923828,42.72498321533203,42.045310974121094,42.70610427856445
2010-06-28,42.737571716308594,42.76903533935547,42.051605224609375,42.23411178588867
2010-06-29,41.59219741821289,42.020137786865234,40.47828674316406,40.887351989746094
2010-06-30,40.89993667602539,41.441158294677734,40.547515869140625,40.84959030151367
2010-07-01,40.811832427978516,40.84959030151367,40.03776168823242,40.522342681884766
2010-07-02,40.56010055541992,40.862178802490234,40.176212310791016,40.459407806396484
2010-07-06,40.786659240722656,41.044681549072266,40.22026443481445,40.6482048034668
2010-07-07,40.65449905395508,41.9068603515625,40.62932586669922,41.88168716430664
2010-07-08,42.20893478393555,42.315921783447266,41.71806335449219,42.309627532958984
2010-07-09,42.341094970703125,42.605411529541016,42.08936309814453,42.48583984375
2010-07-12,42.278160095214844,42.53618621826172,41.705474853515625,41.963497161865234
2010-07-13,42.278160095214844,42.9955940246582,42.278160095214844,42.64317321777344
2010-07-14,42.56135940551758,43.008182525634766,42.404029846191406,42.80050277709961
2010-07-15,42.76903533935547,43.02076721191406,42.27186965942383,42.88861083984375
2010-07-16,42.76274490356445,42.80679702758789,41.46003723144531,41.55443572998047
2010-07-19,41.79987335205078,42.101951599121094,41.61107635498047,41.7809944152832
2010-07-20,41.37822341918945,42.630584716796875,41.37822341918945,42.50471878051758
2010-07-21,42.58653259277344,43.25362014770508,41.86909866333008,42.18376159667969
2010-07-22,42.80050277709961,43.99622344970703,42.80050277709961,43.757080078125
2010-07-23,43.72561264038086,44.770294189453125,43.524227142333984,44.619258880615234
2010-07-26,44.44304656982422,45.179359436035156,44.273128509521484,45.05349349975586
2010-07-27,45.28634262084961,45.29263687133789,44.52485656738281,44.73883056640625
2010-07-28,44.72624206542969,44.97797393798828,44.543739318847656,44.75141525268555
2010-07-29,44.98426818847656,45.31151580810547,44.36123275756836,44.776588439941406
2010-07-30,44.4052848815918,44.99685287475586,43.92070388793945,44.74512481689453
2010-08-02,45.33668899536133,45.84644317626953,45.166770935058594,45.69540786743164
2010-08-03,45.468849182128906,45.802391052246094,45.29893112182617,45.33039474487305
2010-08-04,45.44367599487305,45.90308380126953,45.34927749633789,45.7331657409668
2010-08-05,45.5506591796875,46.16110610961914,45.380741119384766,46.066707611083984
2010-08-06,45.56324768066406,46.073001861572266,45.110130310058594,45.77092361450195
2010-08-09,46.154815673828125,46.31843948364258,45.87161636352539,46.16110610961914
2010-08-10,45.82756423950195,46.450599670410156,45.26746368408203,46.186279296875
2010-08-11,45.412208557128906,45.519195556640625,44.537445068359375,44.852108001708984
2010-08-12,44.273128509521484,44.64442825317383,44.23536682128906,44.41787338256836
2010-08-13,44.222782135009766,44.66960525512695,44.13467788696289,44.49339294433594
2010-08-16,44.17873001098633,44.543739318847656,43.73820114135742,44.273128509521484
2010-08-17,44.587791442871094,44.889869689941406,43.99622344970703,44.37382125854492
2010-08-18,44.2668342590332,44.430458068847656,43.606040954589844,44.008811950683594
2010-08-19,43.813720703125,44.140968322753906,42.80679702758789,43.11516571044922
2010-08-20,42.51101303100586,43.234737396240234,42.422908782958984,42.869728088378906
2010-08-23,43.13404846191406,43.40465545654297,42.29704284667969,42.3033332824707
2010-08-24,41.74323654174805,41.89427185058594,41.151668548583984,41.32158660888672
2010-08-25,40.99433517456055,41.37822341918945,40.6356201171875,41.069854736328125
2010-08-26,41.22718811035156,41.42856979370117,40.87476348876953,40.93769836425781
2010-08-27,41.52926254272461,41.963497161865234,40.89993667602539,41.89427185058594
2010-08-30,41.83134078979492,41.83134078979492,41.151668548583984,41.151668548583984
2010-08-31,40.98175048828125,41.365638732910156,40.698551177978516,41.038387298583984
2010-09-01,41.55443572998047,42.52989196777344,41.334171295166016,42.397735595703125
2010-09-02,42.23411178588867,42.44178771972656,42.108245849609375,42.44178771972656
2010-09-03,42.81309127807617,43.14663314819336,42.46696090698242,42.95783615112305
2010-09-07,42.80050277709961,43.0522346496582,42.58653259277344,42.78162384033203
2010-09-08,42.83197021484375,43.38577651977539,42.81309127807617,43.08999252319336
2010-09-09,43.643802642822266,43.70673370361328,42.951541900634766,43.18439483642578
2010-09-10,43.36060333251953,43.51793670654297,43.09628677368164,43.354312896728516
2010-09-13,43.6312141418457,43.926998138427734,42.970420837402344,43.291378021240234
2010-09-14,43.2473258972168,43.618629455566406,43.02076721191406,43.2473258972168
2010-09-15,43.234737396240234,43.234737396240234,42.82567596435547,42.96412658691406
2010-09-16,42.894901275634766,43.22215270996094,42.79420852661133,43.12775421142578
2010-09-17,43.38577651977539,43.820011138916016,43.14663314819336,43.757080078125
2010-09-20,43.86406326293945,44.44304656982422,43.580867767333984,44.28571319580078
2010-09-21,44.38640594482422,44.820640563964844,44.22907638549805,44.430458068847656
2010-09-22,44.3234748840332,44.81435012817383,44.3234748840332,44.41787338256836
2010-09-23,44.02769088745117,44.41157913208008,43.813720703125,43.926998138427734
2010-09-24,44.32976531982422,45.110130310058594,44.32976531982422,44.99685287475586
2010-09-27,44.89616012573242,44.9716796875,44.587791442871094,44.62554931640625
2010-09-28,44.776588439941406,45.18564987182617,44.07803726196289,45.05978775024414
2010-09-29,44.87098693847656,45.173065185546875,44.78917694091797,44.99055862426758
2010-09-30,45.198238372802734,45.90308380126953,44.68218994140625,44.826934814453125
2010-10-01,45.110130310058594,45.33039474487305,44.66960525512695,44.76400375366211
2010-10-04,45.27375793457031,45.33039474487305,44.197608947753906,44.38640594482422
2010-10-05,44.877281188964844,45.82756423950195,44.833229064941406,45.63247299194336
2010-10-06,45.5506591796875,45.90937805175781,45.5506591796875,45.859031677246094
2010-10-07,45.82756423950195,45.97230911254883,45.569541931152344,45.802391052246094
2010-10-08,45.93455123901367,46.066707611083984,45.50031661987305,45.88420486450195
2010-10-11,46.01007080078125,46.01007080078125,45.69540786743164,45.89678955078125
2010-10-12,45.68911361694336,46.11075973510742,45.18564987182617,45.92825698852539
2010-10-13,46.26179885864258,46.9477653503418,46.16740036010742,46.683448791503906
2010-10-14,46.68974304199219,46.6960334777832,46.19257354736328,46.66456985473633
2010-10-15,46.784141540527344,47.11768341064453,46.19257354736328,46.63310241699219
2010-10-18,46.740089416503906,47.13656234741211,46.55758285522461,46.92259216308594
2010-10-19,46.444305419921875,46.683448791503906,45.84644317626953,46.32473373413086
2010-10-20,45.31781005859375,46.74637985229492,45.26116943359375,46.51982498168945
2010-10-21,46.77155303955078,47.56450653076172,46.727500915527344,47.18061828613281
2010-10-22,47.35682678222656,47.35682678222656,46.8785400390625,47.16173553466797
2010-10-25,47.48898696899414,47.55821228027344,47.073631286621094,47.20579147338867
2010-10-26,46.86595153808594,47.086219787597656,46.58905029296875,46.991817474365234
2010-10-27,46.708621978759766,46.91000747680664,46.129642486572266,46.85966110229492
2010-10-28,47.20579147338867,47.43864059448242,46.55758285522461,47.01070022583008
2010-10-29,46.77155303955078,47.12397766113281,46.63310241699219,47.054752349853516
2010-11-01,47.369415283203125,47.684078216552734,46.63939666748047,46.972938537597656
2010-11-02,47.3316535949707,47.58967971801758,47.24984359741211,47.35682678222656
2010-11-03,47.35053634643555,47.53303909301758,46.765262603759766,47.23096466064453
2010-11-04,47.83511734008789,48.39521789550781,47.48898696899414,47.979862213134766
2010-11-05,48.13719177246094,48.38892364501953,47.916927337646484,48.300819396972656
2010-11-08,48.15607452392578,48.40150833129883,48.036502838134766,48.22529983520508
2010-11-09,48.263057708740234,48.319698333740234,48.04279327392578,48.263057708740234
2010-11-10,48.1623649597168,48.2190055847168,47.70295715332031,47.923221588134766
2010-11-11,47.74700927734375,47.79735565185547,47.22467041015625,47.4449348449707
2010-11-12,47.16173553466797,47.337947845458984,46.83448791503906,47.12397766113281
2010-11-15,47.21208190917969,47.658905029296875,47.11768341064453,47.394588470458984
2010-11-16,47.073631286621094,47.16173553466797,46.4254264831543,46.670860290527344
2010-11-17,46.40025329589844,46.61422348022461,46.21145248413086,46.34361267089844
2010-11-18,46.790435791015625,47.51416015625,46.71491622924805,47.21837615966797
2010-11-19,47.25613784790039,47.45751953125,46.972938537597656,47.394588470458984
2010-11-22,47.13656234741211,47.50786590576172,46.733795166015625,47.26872253417969
2010-11-23,46.80302047729492,46.87224578857422,46.381370544433594,46.683448791503906
2010-11-24,47.048458099365234,47.96098327636719,46.92259216308594,47.88546371459961
2010-11-26,47.5833854675293,47.627437591552734,47.32536315917969,47.375709533691406
2010-11-29,47.023284912109375,47.24984359741211,46.494651794433594,47.073631286621094
2010-11-30,46.63939666748047,47.633731842041016,46.59534454345703,47.369415283203125
2010-12-01,48.16865921020508,49.39584732055664,48.16865921020508,49.251102447509766
2010-12-02,49.33291244506836,49.943359375,49.15040969848633,49.52800369262695
2010-12-03,49.3517951965332,49.597232818603516,49.269981384277344,49.55317687988281
2010-12-06,49.452484130859375,49.590938568115234,49.23222351074219,49.34550094604492
2010-12-07,49.97482681274414,49.97482681274414,49.32032775878906,49.42731475830078
2010-12-08,49.502830505371094,49.72938919067383,48.67841339111328,48.89238357543945
2010-12-09,49.17558288574219,49.219635009765625,48.72246551513672,48.8546257019043
2010-12-10,49.39584732055664,49.60981750488281,49.13153076171875,49.33920669555664
2010-12-13,49.616111755371094,49.616111755371094,49.156700134277344,49.1818733215332
2010-12-14,48.97419738769531,49.72309494018555,48.97419738769531,49.62240219116211
2010-12-15,49.534297943115234,49.97482681274414,49.452484130859375,49.68533706665039
2010-12-16,49.60981750488281,49.8741340637207,49.458778381347656,49.72938919067383
2010-12-17,49.60981750488281,49.76715087890625,49.326622009277344,49.590938568115234
2010-12-20,49.95594787597656,50.03146743774414,49.58464431762695,49.65386962890625
2010-12-21,49.73568344116211,50.01258850097656,49.43989944458008,49.93706512451172
2010-12-22,49.95594787597656,50.15733337402344,49.76085662841797,50.04405212402344
2010-12-23,50.02517318725586,50.094398498535156,49.84266662597656,50.03146743774414
2010-12-27,49.94965362548828,49.96853256225586,49.70421600341797,49.886722564697266
2010-12-28,50.07551956176758,50.07551956176758,49.74197769165039,49.89930725097656
2010-12-29,50.00629425048828,50.138450622558594,49.773441314697266,49.77973556518555
2010-12-30,49.66645812988281,49.792320251464844,49.47136688232422,49.62240219116211
2010-12-31,49.590938568115234,49.60352325439453,49.244808197021484,49.540592193603516
2011-01-03,49.83637619018555,49.98112106323242,49.69163131713867,49.71051025390625
2011-01-04,49.458778381347656,50.01887893676758,49.33920669555664,49.792320251464844
2011-01-05,49.458778381347656,50.0692253112793,49.458778381347656,49.861549377441406
2011-01-06,49.97482681274414,50.18879699707031,49.74197769165039,49.81120300292969
2011-01-07,49.804908752441406,50.151039123535156,49.483951568603516,49.76715087890625
2011-01-10,49.25739669799805,49.52171325683594,48.96790313720703,49.37696838378906
2011-01-11,49.46507263183594,49.830081939697266,49.38325881958008,49.66645812988281
2011-01-12,50.07551956176758,50.28319549560547,49.86783981323242,49.98741149902344
2011-01-13,50.02517318725586,50.195091247558594,49.81120300292969,50.03146743774414
2011-01-14,49.84266662597656,49.911895751953125,49.52171325683594,49.76715087890625
2011-01-18,49.89301300048828,50.18879699707031,49.83637619018555,50.07551956176758
2011-01-19,50.138450622558594,50.34613037109375,49.823787689208984,50.28948974609375
2011-01-20,50.10698699951172,50.28948974609375,49.70421600341797,50.06293487548828
2011-01-21,50.28319549560547,50.66079330444336,50.195091247558594,50.47199630737305
2011-01-24,50.5097541809082,51.31529235839844,50.5097541809082,51.30270767211914
2011-01-25,51.26494598388672,51.43486404418945,50.89993667602539,51.43486404418945
2011-01-26,51.40339660644531,51.57331848144531,50.82441711425781,51.23347854614258
2011-01-27,51.56702423095703,52.22781753540039,51.47891616821289,51.9760856628418
2011-01-28,52.15229797363281,52.284454345703125,50.79295349121094,51.24606704711914
2011-01-31,51.47891616821289,51.59849166870117,50.7614860534668,51.16425323486328
2011-02-01,51.37193298339844,51.64254379272461,51.24606704711914,51.49779510498047
2011-02-02,51.50408935546875,51.944618225097656,51.40339660644531,51.705474853515625
2011-02-03,51.705474853515625,51.79987335205078,51.3404655456543,51.74323654174805
2011-02-04,51.812461853027344,51.98237991333008,51.61107635498047,51.93203353881836
2011-02-07,52.13970947265625,52.75015640258789,52.06418991088867,52.64946365356445
2011-02-08,52.3033332824707,52.82567596435547,52.29704284667969,52.78791809082031
2011-02-09,52.687225341796875,52.86343765258789,52.372562408447266,52.85084915161133
2011-02-10,53.09628677368164,53.587162017822266,53.07740783691406,53.33543014526367
2011-02-11,53.266204833984375,53.78225326538086,53.15292739868164,53.618629455566406
2011-02-14,53.53681564331055,53.7696647644043,53.42982864379883,53.62491989135742
2011-02-15,53.561988830566406,53.561988830566406,53.17180633544922,53.44871139526367
2011-02-16,53.40465545654297,53.5745735168457,53.1214599609375,53.530521392822266
2011-02-17,53.28508377075195,53.49276351928711,53.02076721191406,53.20327377319336
2011-02-18,53.329139709472656,53.51164245605469,53.22844696044922,53.49905776977539
2011-02-22,53.20327377319336,53.297672271728516,52.347389221191406,52.58653259277344
2011-02-23,52.712398529052734,53.02076721191406,51.762115478515625,52.101951599121094
2011-02-24,51.994964599609375,52.4732551574707,51.48521041870117,52.057899475097656
2011-02-25,52.44178771972656,52.580238342285156,52.17117691040039,52.46696090698242
2011-02-28,52.599117279052734,52.98929977416992,52.42919921875,52.57394790649414
2011-03-01,52.693519592285156,52.88231658935547,51.55443572998047,51.655128479003906
2011-03-02,51.7809944152832,51.944618225097656,51.23977279663086,51.63624954223633
2011-03-03,51.88168716430664,53.02076721191406,51.82504653930664,52.76903533935547
2011-03-04,52.662052154541016,52.74386215209961,51.730648040771484,52.14600372314453
2011-03-07,52.25299072265625,52.680931091308594,51.54185104370117,51.7809944152832
2011-03-08,51.969791412353516,52.894901275634766,51.699180603027344,52.397735595703125
2011-03-09,52.315921783447266,52.3599739074707,51.62366485595703,52.16488265991211
2011-03-10,51.711769104003906,51.768409729003906,50.7048454284668,50.92510986328125
2011-03-11,50.748897552490234,51.365638732910156,50.5097541809082,51.151668548583984
2011-03-14,50.811832427978516,51.120201110839844,50.541221618652344,50.811832427978516
2011-03-15,49.38955307006836,50.35242462158203,48.48961639404297,50.03776168823242
2011-03-16,49.91818618774414,50.094398498535156,49.20704650878906,49.2951545715332
2011-03-17,49.95594787597656,50.28319549560547,49.71680450439453,50.02517318725586
2011-03-18,50.66079330444336,50.91881561279297,50.23284912109375,50.44682312011719
2011-03-21,51.16425323486328,51.61737060546875,50.92510986328125,51.26494598388672
2011-03-22,51.30270767211914,51.308998107910156,50.7048454284668,50.89993667602539
2011-03-23,50.887351989746094,51.768409729003906,50.85588455200195,51.51667785644531
2011-03-24,51.59849166870117,52.17117691040039,51.46003723144531,52.083072662353516
2011-03-25,52.24040222167969,52.605411529541016,52.101951599121094,52.56135940551758
2011-03-28,52.70610427856445,52.926368713378906,52.45437240600586,52.52989196777344
2011-03-29,52.59282684326172,53.02076721191406,52.397735595703125,52.9389533996582
2011-03-30,53.12775421142578,53.22215270996094,52.84455490112305,53.008182525634766
2011-03-31,52.85084915161133,53.561988830566406,52.83826446533203,53.272499084472656
2011-04-01,53.549400329589844,54.09062194824219,53.42982864379883,53.69414520263672
2011-04-04,53.91441345214844,53.9395866394043,53.44241714477539,53.637508392333984
2011-04-05,53.49276351928711,53.870357513427734,53.22844696044922,53.74449157714844
2011-04-06,54.00251770019531,54.11579513549805,53.612335205078125,53.908119201660156
2011-04-07,53.77595901489258,54.12208938598633,53.27879333496094,53.71931838989258
2011-04-08,53.88924026489258,54.10321044921875,52.976715087890625,53.373191833496094
2011-04-11,53.49276351928711,53.845184326171875,53.36060333251953,53.48017501831055
2011-04-12,53.18439483642578,53.348018646240234,52.54877471923828,52.85084915161133
2011-04-13,53.16551208496094,53.348018646240234,52.45437240600586,52.9955940246582
2011-04-14,52.693519592285156,52.87602233886719,52.045310974121094,52.85084915161133
2011-04-15,52.913780212402344,52.98929977416992,52.334800720214844,52.51730728149414
2011-04-18,51.994964599609375,52.001258850097656,51.095027923583984,51.415985107421875
2011-04-19,51.42856979370117,51.90056610107422,51.42856979370117,51.83134078979492
2011-04-20,53.37948226928711,54.65701675415039,52.86343765258789,54.05915832519531
2011-04-21,54.2101936340332,54.92133331298828,53.908119201660156,54.81435012817383
2011-04-25,54.75141525268555,54.80805587768555,54.30459213256836,54.4619255065918
2011-04-26,54.61296463012695,55.67023468017578,54.5185661315918,55.29263687133789
2011-04-27,55.36186218261719,55.456260681152344,54.96538543701172,55.29263687133789
2011-04-28,55.32410430908203,56.28697204589844,55.16047668457031,56.016361236572266
2011-04-29,56.11075973510742,56.51353073120117,56.00377655029297,56.37508010864258
2011-05-02,56.65827560424805,57.0610466003418,56.31843948364258,56.63939666748047
2011-05-03,56.45689010620117,56.941471099853516,56.3121452331543,56.54499816894531
2011-05-04,56.60792922973633,56.85336685180664,55.814979553222656,56.24921417236328
2011-05-05,56.066707611083984,56.34990692138672,55.31781005859375,55.71428680419922
2011-05-06,56.412837982177734,56.991817474365234,55.97860336303711,56.14222717285156
2011-05-09,55.93455123901367,56.7526741027832,55.93455123901367,56.337318420410156
2011-05-10,56.51982498168945,56.71491622924805,56.438011169433594,56.51982498168945
2011-05-11,56.57017135620117,56.7526741027832,56.20515823364258,56.337318420410156
2011-05-12,56.098175048828125,56.450599670410156,55.85273742675781,56.3687858581543
2011-05-13,56.58275604248047,56.651981353759766,55.60100555419922,55.99748229980469
2011-05-16,55.67023468017578,56.16740036010742,55.437381744384766,55.93455123901367
2011-05-17,55.76463317871094,55.94713592529297,54.81435012817383,55.26746368408203
2011-05-18,54.78288269042969,55.04719924926758,54.531150817871094,54.8458137512207
2011-05-19,55.1541862487793,55.79609680175781,55.10383987426758,55.44367599487305
2011-05-20,55.44367599487305,55.456260681152344,54.75141525268555,55.066078186035156
2011-05-23,54.38011169433594,54.4493408203125,53.983638763427734,54.17873001098633
2011-05-24,54.185020446777344,54.31718063354492,53.83889389038086,53.8829460144043
2011-05-25,53.72561264038086,54.5752067565918,53.62491989135742,54.28571319580078
2011-05-26,54.159847259521484,54.49339294433594,53.757080078125,54.36752700805664
2011-05-27,54.480804443359375,54.594085693359375,54.166141510009766,54.32976531982422
2011-05-31,54.75141525268555,55.24858474731445,54.487098693847656,55.23599624633789
2011-06-01,54.92133331298828,55.084957122802734,53.02076721191406,53.0522346496582
2011-06-02,53.0648193359375,53.209564208984375,52.67463684082031,53.04594039916992
2011-06-03,52.3033332824707,52.624290466308594,51.87539291381836,52.38514709472656
2011-06-06,52.19005584716797,52.894901275634766,52.083072662353516,52.680931091308594
2011-06-07,52.83197021484375,52.95783615112305,52.38514709472656,52.391441345214844
2011-06-08,52.630584716796875,52.630584716796875,52.03901672363281,52.259281158447266
2011-06-09,52.44178771972656,53.1906852722168,52.21522903442383,52.920074462890625
2011-06-10,52.61800003051758,52.77532958984375,51.98237991333008,52.045310974121094
2011-06-13,52.18376159667969,52.37885665893555,51.93203353881836,52.08936309814453
2011-06-14,52.46066665649414,53.12775421142578,52.448081970214844,52.87602233886719
2011-06-15,52.3599739074707,52.83197021484375,52.12712478637695,52.404029846191406
2011-06-16,52.448081970214844,53.266204833984375,52.290748596191406,53.08369827270508
2011-06-17,53.48646926879883,53.65638732910156,53.17180633544922,53.22215270996094
2011-06-20,53.08999252319336,54.04656982421875,52.983009338378906,53.83259963989258
2011-06-21,53.98992919921875,54.185020446777344,53.580867767333984,53.845184326171875
2011-06-22,53.662681579589844,54.254249572753906,53.59974670410156,53.7696647644043
2011-06-23,53.0648193359375,53.612335205078125,52.6683464050293,53.56828308105469
2011-06-24,53.555694580078125,53.662681579589844,52.76274490356445,53.07111358642578
2011-06-27,52.869728088378906,53.983638763427734,52.69981002807617,53.700439453125
2011-06-28,54.04027557373047,54.49339294433594,53.78854751586914,54.46821975708008
2011-06-29,54.908748626708984,54.908748626708984,54.11579513549805,54.41787338256836
2011-06-30,54.568912506103516,56.419132232666016,54.5185661315918,55.701698303222656
2011-07-01,55.833858489990234,56.972938537597656,55.6072998046875,56.72120666503906
2011-07-05,56.55128860473633,56.998111724853516,56.148521423339844,56.331024169921875
2011-07-06,56.40654373168945,57.023284912109375,56.2303352355957,56.90371322631836
2011-07-07,57.27501678466797,57.79106521606445,57.11768341064453,57.51416015625
2011-07-08,56.95405960083008,57.24984359741211,56.60792922973633,56.85966110229492
2011-07-11,56.2303352355957,56.58905029296875,55.89678955078125,56.091880798339844
2011-07-12,56.28697204589844,56.299560546875,55.58842086791992,55.67023468017578
2011-07-13,55.82126998901367,56.22404098510742,55.37445068359375,55.487728118896484
2011-07-14,55.32410430908203,56.11075973510742,55.13530349731445,55.26746368408203
2011-07-15,55.456260681152344,55.758338928222656,55.141597747802734,55.58212661743164
2011-07-18,55.38703536987305,55.462554931640625,54.63184356689453,55.141597747802734
2011-07-19,55.36815643310547,56.362491607666016,55.34298324584961,55.89678955078125
2011-07-20,55.16047668457031,55.16047668457031,53.91441345214844,54.889869689941406
2011-07-21,55.68281936645508,56.01007080078125,55.26116943359375,55.512901306152344
2011-07-22,55.89049530029297,55.95343017578125,55.173065185546875,55.19194412231445
2011-07-25,54.531150817871094,55.29893112182617,54.31088638305664,54.95280075073242
2011-07-26,54.770294189453125,54.9024543762207,53.870357513427734,54.23536682128906
2011-07-27,53.813720703125,53.870357513427734,52.5550651550293,52.69981002807617
2011-07-28,52.926368713378906,53.09628677368164,52.12083053588867,52.18376159667969
2011-07-29,51.7243537902832,52.693519592285156,51.29011917114258,52.13341522216797
2011-08-01,52.42919921875,52.75015640258789,51.126495361328125,51.81875228881836
2011-08-02,51.3971061706543,51.69289016723633,49.67274856567383,49.67274856567383
2011-08-03,49.67904281616211,50.03146743774414,48.867210388183594,49.911895751953125
2011-08-04,49.162994384765625,49.35808563232422,46.71491622924805,46.80302047729492
2011-08-05,47.38199996948242,47.86029052734375,45.726871490478516,46.65827560424805
2011-08-08,45.26746368408203,46.154815673828125,43.870357513427734,43.88924026489258
2011-08-09,42.76903533935547,45.10383987426758,42.24040222167969,45.0409049987793
2011-08-10,43.933292388916016,44.191314697265625,42.29704284667969,42.44178771972656
2011-08-11,42.51101303100586,44.4619255065918,42.29704284667969,43.88924026489258
2011-08-12,43.983638763427734,45.6639404296875,43.9395866394043,45.5947151184082
2011-08-15,46.073001861572266,46.381370544433594,45.437381744384766,46.28068161010742
2011-08-16,45.7331657409668,46.494651794433594,45.30522155761719,45.65764617919922
2011-08-17,45.783512115478516,45.90308380126953,44.99055862426758,45.34298324584961
2011-08-18,43.964759826660156,44.06544876098633,42.44178771972656,42.869728088378906
2011-08-19,42.27186965942383,43.45500183105469,42.26557540893555,42.448081970214844
2011-08-22,43.43612289428711,43.524227142333984,42.27186965942383,42.59282684326172
2011-08-23,42.93266296386719,44.008811950683594,42.680931091308594,44.008811950683594
2011-08-24,43.851478576660156,45.05349349975586,43.73820114135742,44.94021224975586
2011-08-25,45.02202606201172,45.70799255371094,44.31088638305664,44.52485656738281
2011-08-26,44.216487884521484,45.33668899536133,43.34172439575195,45.03461456298828
2011-08-29,45.73945999145508,46.58275604248047,45.71428680419922,46.48835754394531
2011-08-30,46.438011169433594,46.77784729003906,46.14222717285156,46.419132232666016
2011-08-31,46.8785400390625,47.43234634399414,46.450599670410156,46.727500915527344
2011-09-01,46.77155303955078,47.375709533691406,45.92196273803711,45.97230911254883
2011-09-02,45.084957122802734,45.23599624633789,44.46821975708008,44.70736312866211
2011-09-06,43.15292739868164,44.46821975708008,43.10258102416992,44.36752700805664
2011-09-07,45.36186218261719,45.92196273803711,44.98426818847656,45.91566848754883
2011-09-08,45.58212661743164,46.21774673461914,45.494022369384766,45.70799255371094
2011-09-09,45.04719924926758,45.26746368408203,44.12838363647461,44.38640594482422
2011-09-12,43.88924026489258,44.820640563964844,43.5745735168457,44.76400375366211
2011-09-13,45.05349349975586,45.77092361450195,44.487098693847656,45.5947151184082
2011-09-14,45.82126998901367,47.04216384887695,44.86469650268555,46.3687858581543
2011-09-15,46.84707260131836,47.64631652832031,46.765262603759766,47.5833854675293
2011-09-16,47.916927337646484,47.979862213134766,47.023284912109375,47.51416015625
2011-09-19,46.708621978759766,47.75330352783203,46.48206329345703,47.54562759399414
2011-09-20,47.96098327636719,48.42668151855469,47.17432403564453,47.83511734008789
2011-09-21,47.79735565185547,48.823158264160156,47.079925537109375,47.11768341064453
2011-09-22,44.08433151245117,44.36123275756836,42.366268157958984,42.98929977416992
2011-09-23,43.42353820800781,43.88924026489258,43.01447677612305,43.373191833496094
2011-09-26,43.97105026245117,45.12901306152344,43.505348205566406,45.0283203125
2011-09-27,46.24921417236328,47.11138916015625,45.5380744934082,46.035240173339844
2011-09-28,46.179988861083984,46.740089416503906,45.091251373291016,45.21711730957031
2011-09-29,46.01007080078125,46.129642486572266,44.63184356689453,45.57583236694336
2011-09-30,44.49968338012695,45.30522155761719,44.07803726196289,44.279422760009766
2011-10-03,43.97734451293945,44.63184356689453,43.46129608154297,43.65009307861328
2011-10-04,43.0648193359375,43.851478576660156,42.083072662353516,43.76337432861328
2011-10-05,43.7696647644043,44.01510238647461,43.297672271728516,43.80742645263672
2011-10-06,43.901824951171875,44.70106887817383,43.530521392822266,44.66960525512695
2011-10-07,45.05349349975586,45.5506591796875,44.61296463012695,44.9716796875
2011-10-10,45.752044677734375,46.412837982177734,45.5947151184082,46.412837982177734
2011-10-11,46.331024169921875,46.57646179199219,45.90937805175781,46.40654373168945
2011-10-12,46.7526741027832,47.19949722290039,46.46318435668945,46.72120666503906
2011-10-13,47.09251022338867,47.14915084838867,45.55695343017578,46.28068161010742
2011-10-14,46.85336685180664,47.105098724365234,46.56387710571289,46.972938537597656
2011-10-17,46.87224578857422,46.92888641357422,45.28004837036133,45.38703536987305
2011-10-18,45.60100555419922,47.14915084838867,45.122718811035156,46.645687103271484
2011-10-19,46.25550842285156,47.0610466003418,45.62617874145508,46.104469299316406
2011-10-20,46.30585479736328,46.97923278808594,45.67023468017578,46.727500915527344
2011-10-21,47.19949722290039,47.72813034057617,46.90371322631836,47.551918029785156
2011-10-24,47.86029052734375,48.40150833129883,47.6966667175293,48.237884521484375
2011-10-25,47.30018997192383,48.04908752441406,47.17432403564453,47.375709533691406
2011-10-26,48.07426071166992,48.36375045776367,47.21837615966797,47.86658477783203
2011-10-27,49.00566482543945,50.32725143432617,48.96790313720703,49.905601501464844
2011-10-28,49.72309494018555,50.29578399658203,49.69163131713867,50.03776168823242
2011-10-31,49.8174934387207,49.823787689208984,49.04971694946289,49.07489013671875
2011-11-01,47.91063690185547,47.99244689941406,46.79672622680664,47.319068908691406
2011-11-02,48.16865921020508,48.70358657836914,47.93581008911133,48.40150833129883
2011-11-03,48.96790313720703,49.49654006958008,48.552547454833984,49.3643798828125
2011-11-04,49.188167572021484,49.188167572021484,48.15607452392578,48.961612701416016
2011-11-07,49.137821197509766,49.3077392578125,48.37633514404297,49.301448822021484
2011-11-08,49.483951568603516,49.71680450439453,49.03083801269531,49.63499069213867
2011-11-09,48.728759765625,48.867210388183594,47.80364990234375,48.10572814941406
2011-11-10,48.640655517578125,49.162994384765625,48.37004470825195,48.75393295288086
2011-11-11,49.502830505371094,50.57268524169922,49.502830505371094,50.23914337158203
2011-11-14,49.830081939697266,50.176212310791016,49.515419006347656,49.748268127441406
2011-11-15,49.597232818603516,50.22026443481445,49.17558288574219,49.92448043823242
2011-11-16,49.03083801269531,49.65386962890625,48.672119140625,48.74134826660156
2011-11-17,48.62177658081055,48.72246551513672,47.15544509887695,47.633731842041016
2011-11-18,47.98615646362305,48.0931396484375,47.369415283203125,47.898048400878906
2011-11-21,46.972938537597656,47.09880447387695,45.840152740478516,46.61422348022461
2011-11-22,46.469478607177734,46.53870391845703,45.64506149291992,45.97230911254883
2011-11-23,45.166770935058594,45.58212661743164,44.66331100463867,44.66331100463867
2011-11-25,44.31088638305664,45.31781005859375,44.31088638305664,44.70736312866211
2011-11-28,45.69540786743164,46.30585479736328,45.61988830566406,46.02894973754883
2011-11-29,46.393959045410156,46.50094223022461,45.90937805175781,45.92825698852539
2011-11-30,47.419761657714844,48.41409683227539,47.41346740722656,48.2064208984375
2011-12-01,47.954689025878906,48.552547454833984,47.954689025878906,48.19383239746094
2011-12-02,48.842037200927734,49.28886032104492,48.11201858520508,48.16865921020508
2011-12-05,48.986785888671875,49.156700134277344,47.85399627685547,48.231590270996094
2011-12-06,48.43927001953125,48.45814895629883,47.91063690185547,48.0239143371582
2011-12-07,47.76588821411133,48.22529983520508,47.0044059753418,47.98615646362305
2011-12-08,47.62114334106445,47.91063690185547,46.626808166503906,46.80302047729492
2011-12-09,47.0044059753418,48.19383239746094,46.941471099853516,48.0239143371582
2011-12-12,47.595970153808594,47.67778396606445,46.66456985473633,46.87224578857422
2011-12-13,47.20579147338867,47.80364990234375,46.412837982177734,46.6960334777832
2011-12-14,46.419132232666016,46.6960334777832,45.783512115478516,46.047828674316406
2011-12-15,46.31843948364258,46.58905029296875,45.89049530029297,46.27438735961914
2011-12-16,46.362491607666016,46.765262603759766,45.223411560058594,45.55695343017578
2011-12-19,45.69540786743164,46.1170539855957,45.05978775024414,45.1541862487793
2011-12-20,46.07929611206055,46.98552322387695,45.86532211303711,46.8218994140625
2011-12-21,46.991817474365234,47.14285659790039,45.85273742675781,46.331024169921875
2011-12-22,46.393959045410156,46.469478607177734,45.90308380126953,46.26179885864258
2011-12-23,46.40654373168945,46.72120666503906,46.098175048828125,46.683448791503906
2011-12-27,46.55128860473633,46.941471099853516,46.43171691894531,46.58905029296875
2011-12-28,46.55758285522461,46.61422348022461,45.90937805175781,46.02265548706055
2011-12-29,45.544368743896484,46.48835754394531,45.487728118896484,46.45689010620117
2011-12-30,46.48206329345703,46.55128860473633,45.991188049316406,45.99748229980469
2012-01-03,47.14285659790039,47.602264404296875,46.84077835083008,46.98552322387695
2012-01-04,46.74637985229492,47.35682678222656,46.626808166503906,47.23096466064453
2012-01-05,46.85966110229492,47.023284912109375,46.362491607666016,46.77784729003906
2012-01-06,46.708621978759766,46.89741897583008,46.331024169921875,46.50723648071289
2012-01-09,46.88483428955078,46.88483428955078,46.419132232666016,46.63310241699219
2012-01-10,47.35053634643555,48.04908752441406,47.09880447387695,47.84770202636719
2012-01-11,47.56450653076172,48.43927001953125,47.51416015625,48.269351959228516
2012-01-12,48.558841705322266,48.77910614013672,48.1497802734375,48.609188079833984
2012-01-13,48.18124771118164,48.294525146484375,47.709251403808594,47.87916946411133
2012-01-17,48.590309143066406,49.225929260253906,48.45185852050781,48.48332214355469
2012-01-18,48.33228302001953,48.99937057495117,48.187538146972656,48.83574676513672
2012-01-19,48.867210388183594,48.99307632446289,48.50220489501953,48.577720642089844
2012-01-20,48.288230895996094,48.94272994995117,47.633731842041016,48.263057708740234
2012-01-23,48.12460708618164,48.7979850769043,48.12460708618164,48.37004470825195
2012-01-24,48.22529983520508,48.961612701416016,48.14348602294922,48.94902420043945
2012-01-25,48.42668151855469,49.502830505371094,47.595970153808594,48.867210388183594
2012-01-26,49.62869644165039,49.62869644165039,48.47073745727539,48.7161750793457
2012-01-27,48.558841705322266,49.00566482543945,48.40150833129883,48.848331451416016
2012-01-30,48.43297576904297,48.8546257019043,48.0931396484375,48.842037200927734
2012-01-31,48.86091995239258,49.559471130371094,48.86091995239258,49.3077392578125
2012-02-01,49.69792175292969,50.58527374267578,49.69792175292969,50.484580993652344
2012-02-02,50.6482048034668,50.74260330200195,50.22026443481445,50.35871505737305
2012-02-03,50.95028305053711,51.29011917114258,50.84959030151367,51.00692367553711
2012-02-06,50.66079330444336,50.85588455200195,50.42164993286133,50.7048454284668
2012-02-07,50.56010055541992,50.65449905395508,50.138450622558594,50.522342681884766
2012-02-08,50.67967224121094,51.51667785644531,50.201385498046875,51.441158294677734
2012-02-09,52.07048416137695,53.058528900146484,51.9194450378418,52.72498321533203
2012-02-10,52.18376159667969,52.54877471923828,52.01384353637695,52.54877471923828
2012-02-13,52.98929977416992,53.618629455566406,52.913780212402344,53.41724395751953
2012-02-14,53.15292739868164,53.272499084472656,52.84455490112305,53.266204833984375
2012-02-15,53.266204833984375,53.291378021240234,51.9068603515625,51.98237991333008
2012-02-16,51.95091247558594,52.44178771972656,51.9068603515625,52.372562408447266
2012-02-17,52.75645065307617,52.983009338378906,52.52989196777344,52.72498321533203
2012-02-21,53.0522346496582,53.266204833984375,52.397735595703125,52.83826446533203
2012-02-22,52.80050277709961,53.0522346496582,52.51101303100586,52.83197021484375
2012-02-23,52.98929977416992,53.266204833984375,52.24040222167969,52.54248046875
2012-02-24,52.680931091308594,53.20327377319336,52.59282684326172,52.84455490112305
2012-02-27,52.43549346923828,52.9389533996582,52.12712478637695,52.630584716796875
2012-02-28,52.687225341796875,52.73127746582031,52.3033332824707,52.52989196777344
2012-02-29,52.737571716308594,53.0648193359375,52.56765365600586,52.78162384033203
2012-03-01,52.77532958984375,53.14033889770508,52.655757904052734,52.96412658691406
2012-03-02,52.81309127807617,53.266204833984375,52.80050277709961,53.20327377319336
2012-03-05,52.9389533996582,52.98929977416992,52.14600372314453,52.4166145324707
2012-03-06,51.988670349121094,52.0327262878418,50.98175048828125,51.22089385986328
2012-03-07,51.54185104370117,52.15229797363281,51.422279357910156,51.963497161865234
2012-03-08,52.56135940551758,52.85714340209961,52.24040222167969,52.56765365600586
2012-03-09,52.54248046875,52.81309127807617,52.37885665893555,52.580238342285156
2012-03-12,52.76274490356445,53.008182525634766,52.6683464050293,52.85714340209961
2012-03-13,53.18439483642578,54.58149719238281,52.90119552612305,54.480804443359375
2012-03-14,54.34235382080078,54.68848419189453,54.02769088745117,54.63184356689453
2012-03-15,54.68218994140625,55.066078186035156,54.05915832519531,54.68218994140625
2012-03-16,54.75141525268555,54.97797393798828,53.637508392333984,53.79484176635742
2012-03-19,53.94587707519531,53.94587707519531,53.215858459472656,53.25362014770508
2012-03-20,52.78162384033203,52.920074462890625,52.278160095214844,52.397735595703125
2012-03-21,52.54877471923828,52.56135940551758,51.86280822753906,52.057899475097656
2012-03-22,51.730648040771484,51.86280822753906,51.31529235839844,51.648834228515625
2012-03-23,51.62995529174805,51.787288665771484,51.30270767211914,51.47891616821289
2012-03-26,51.95720672607422,52.56135940551758,51.92573928833008,52.54877471923828
2012-03-27,52.50471878051758,52.54877471923828,52.13970947265625,52.3033332824707
2012-03-28,52.397735595703125,52.397735595703125,51.05097579956055,51.30270767211914
2012-03-29,51.05727005004883,51.84392547607422,50.97545623779297,51.80616760253906
2012-03-30,52.20893478393555,52.404029846191406,51.7809944152832,52.19635009765625
2012-04-02,51.9194450378418,52.59282684326172,51.54814147949219,52.06418991088867
2012-04-03,52.001258850097656,52.3033332824707,51.46003723144531,51.730648040771484
2012-04-04,51.441158294677734,51.66142272949219,51.23347854614258,51.55443572998047
2012-04-05,51.32158660888672,51.705474853515625,51.214599609375,51.353050231933594
2012-04-09,50.862178802490234,50.862178802490234,50.32095718383789,50.490875244140625
2012-04-10,50.226558685302734,50.39018249511719,49.3077392578125,49.38955307006836
2012-04-11,49.99370574951172,50.36500930786133,49.798614501953125,50.113277435302734
2012-04-12,50.094398498535156,51.26494598388672,50.088104248046875,51.08244323730469
2012-04-13,50.698551177978516,50.93140411376953,50.1825065612793,50.22026443481445
2012-04-16,50.427940368652344,50.95028305053711,50.10069274902344,50.27061080932617
2012-04-17,50.5789794921875,51.353050231933594,50.41535568237305,51.126495361328125
2012-04-18,50.95028305053711,51.25865173339844,50.88105773925781,51.101322174072266
2012-04-19,51.03209686279297,51.3404655456543,50.34613037109375,50.59785842895508
2012-04-20,50.730018615722656,51.31529235839844,50.730018615722656,50.97545623779297
2012-04-23,50.409061431884766,50.50345993041992,49.96223831176758,50.18879699707031
2012-04-24,50.490875244140625,50.8181266784668,49.880428314208984,50.251731872558594
2012-04-25,50.748897552490234,51.02580261230469,49.9307746887207,50.226558685302734
2012-04-26,50.26431655883789,51.2020149230957,50.05034637451172,51.132789611816406
2012-04-27,51.37193298339844,51.66771697998047,51.26494598388672,51.60478210449219
2012-04-30,51.59219741821289,51.89427185058594,51.176841735839844,51.37822341918945
2012-05-01,51.29011917114258,51.755821228027344,50.76777648925781,51.24606704711914
2012-05-02,51.0887336730957,51.3971061706543,50.87476348876953,51.32158660888672
2012-05-03,51.25865173339844,51.390811920166016,50.68596649169922,50.91881561279297
2012-05-04,50.7614860534668,50.79924392700195,49.89930725097656,50.01887893676758
2012-05-07,49.64757537841797,49.98112106323242,49.60352325439453,49.66016387939453
2012-05-08,49.41472625732422,49.71680450439453,48.89238357543945,49.60352325439453
2012-05-09,48.79169464111328,49.03083801269531,48.30710983276367,48.46444320678711
2012-05-10,48.74763870239258,49.03712844848633,48.50849533081055,48.640655517578125
2012-05-11,48.37004470825195,49.10006332397461,48.28193664550781,48.57143020629883
2012-05-14,48.04279327392578,48.2064208984375,47.608558654785156,47.79735565185547
2012-05-15,47.72813034057617,48.48961639404297,47.5833854675293,47.93581008911133
2012-05-16,47.91063690185547,47.9672737121582,46.95405960083008,47.01070022583008
2012-05-17,46.98552322387695,46.998111724853516,46.1170539855957,46.148521423339844
2012-05-18,46.29326629638672,46.31843948364258,45.39962387084961,45.5506591796875
2012-05-21,45.68281936645508,46.412837982177734,45.544368743896484,46.381370544433594
2012-05-22,46.65827560424805,47.073631286621094,46.3121452331543,46.53240966796875
2012-05-23,46.16110610961914,46.72120666503906,45.58842086791992,46.60792922973633
2012-05-24,46.677154541015625,46.702327728271484,45.68911361694336,46.25550842285156
2012-05-25,46.123348236083984,46.469478607177734,45.802391052246094,45.95343017578125
2012-05-29,46.419132232666016,47.281307220458984,46.22404098510742,47.25613784790039
2012-05-30,46.77784729003906,46.92259216308594,46.337318420410156,46.40654373168945
2012-05-31,46.727500915527344,47.054752349853516,46.412837982177734,46.63939666748047
2012-06-01,45.758338928222656,46.1170539855957,45.173065185546875,45.32410430908203
2012-06-04,45.26116943359375,45.35557174682617,44.55632400512695,44.96538543701172
2012-06-05,44.65072250366211,44.915042877197266,44.49968338012695,44.60667037963867
2012-06-06,45.01573181152344,46.356197357177734,44.99055862426758,46.34361267089844
2012-06-07,47.15544509887695,47.88546371459961,47.0044059753418,47.45122528076172
2012-06-08,47.30018997192383,47.665199279785156,47.13656234741211,47.51416015625
2012-06-11,47.942100524902344,48.06796646118164,46.8911247253418,46.96035385131836
2012-06-12,46.337318420410156,46.9477653503418,46.337318420410156,46.790435791015625
2012-06-13,46.790435791015625,46.85336685180664,45.91566848754883,46.28068161010742
2012-06-14,46.3121452331543,47.029579162597656,46.27438735961914,46.65827560424805
2012-06-15,46.71491622924805,46.88483428955078,46.331024169921875,46.8785400390625
2012-06-18,46.758968353271484,47.35682678222656,46.57646179199219,47.19949722290039
2012-06-19,47.57080078125,48.45814895629883,47.57080078125,48.0805549621582
2012-06-20,48.055381774902344,48.28193664550781,47.48269271850586,47.77218246459961
2012-06-21,48.18124771118164,48.48961639404297,47.03587341308594,47.086219787597656
2012-06-22,47.29389572143555,47.50157165527344,47.079925537109375,47.32536315917969
2012-06-25,47.01070022583008,47.01070022583008,46.29326629638672,46.412837982177734
2012-06-26,46.450599670410156,46.57017135620117,45.82756423950195,46.337318420410156
2012-06-27,46.55758285522461,46.74637985229492,46.419132232666016,46.670860290527344
2012-06-28,46.242919921875,46.3121452331543,45.223411560058594,45.68911361694336
2012-06-29,46.53240966796875,47.55821228027344,46.51353073120117,47.53303909301758
2012-07-02,47.45122528076172,47.91063690185547,46.89741897583008,47.22467041015625
2012-07-03,47.105098724365234,47.79735565185547,47.0610466003418,47.67149353027344
2012-07-05,47.57080078125,47.77847671508789,47.29389572143555,47.4449348449707
2012-07-06,47.023284912109375,47.0610466003418,46.1736946105957,46.626808166503906
2012-07-09,46.57017135620117,46.95405960083008,46.419132232666016,46.77784729003906
2012-07-10,47.658905029296875,47.80994415283203,46.32473373413086,46.66456985473633
2012-07-11,46.62051773071289,46.62051773071289,45.47514343261719,45.63247299194336
2012-07-12,45.0975456237793,45.55695343017578,44.65072250366211,45.21082305908203
2012-07-13,45.27375793457031,46.356197357177734,45.27375793457031,46.3121452331543
2012-07-16,46.21774673461914,46.299560546875,45.50660705566406,46.073001861572266
2012-07-17,46.28697204589844,46.758968353271484,45.525489807128906,46.31843948364258
2012-07-18,46.356197357177734,47.312774658203125,46.02265548706055,47.105098724365234
2012-07-19,47.14915084838867,47.82882308959961,46.89741897583008,47.715545654296875
2012-07-20,47.419761657714844,47.48898696899414,46.63939666748047,46.71491622924805
2012-07-23,46.419132232666016,46.419132232666016,45.34298324584961,46.1170539855957
2012-07-24,46.00377655029297,46.148521423339844,44.933921813964844,45.27375793457031
2012-07-25,45.58842086791992,46.091880798339844,45.24858474731445,45.69540786743164
2012-07-26,45.92825698852539,47.394588470458984,45.525489807128906,45.89678955078125
2012-07-27,46.22404098510742,47.18690872192383,45.71428680419922,46.74637985229492
2012-07-30,46.740089416503906,47.56450653076172,46.740089416503906,47.18061828613281
2012-07-31,46.972938537597656,47.24984359741211,46.7526741027832,46.84707260131836
2012-08-01,47.13656234741211,47.43234634399414,46.82819366455078,47.06733703613281
2012-08-02,46.733795166015625,47.06733703613281,46.00377655029297,46.84707260131836
2012-08-03,47.14915084838867,48.615482330322266,47.14915084838867,48.33857727050781
2012-08-06,48.59660339355469,48.88609313964844,48.2190055847168,48.237884521484375
2012-08-07,48.584014892578125,49.40843200683594,48.52108383178711,49.162994384765625
2012-08-08,49.12523651123047,49.37696838378906,48.609188079833984,48.76022720336914
2012-08-09,48.75393295288086,48.79169464111328,48.036502838134766,48.47703170776367
2012-08-10,48.28193664550781,49.03712844848633,48.13719177246094,49.01824951171875
2012-08-13,48.9112663269043,49.01195526123047,48.35745620727539,48.75393295288086
2012-08-14,48.89238357543945,49.251102447509766,48.72246551513672,48.94902420043945
2012-08-15,48.615482330322266,49.194461822509766,48.49591064453125,49.08118438720703
2012-08-16,48.72246551513672,49.78602981567383,48.72246551513672,49.572059631347656
2012-08-17,50.0,50.59785842895508,49.71680450439453,50.5789794921875
2012-08-20,50.522342681884766,51.095027923583984,50.21397018432617,50.39647674560547
2012-08-21,50.41535568237305,50.68596649169922,49.84266662597656,49.886722564697266
2012-08-22,49.748268127441406,50.31466293334961,49.72309494018555,50.13216018676758
2012-08-23,49.96853256225586,50.094398498535156,49.57835006713867,49.84266662597656
2012-08-24,49.748268127441406,50.47199630737305,49.71680450439453,50.39647674560547
2012-08-27,50.53492736816406,51.044681549072266,50.23284912109375,50.698551177978516
2012-08-28,50.57268524169922,50.93769836425781,50.32095718383789,50.748897552490234
2012-08-29,50.830711364746094,50.887351989746094,50.37759780883789,50.4531135559082
2012-08-30,50.05034637451172,50.27061080932617,49.32032775878906,49.75456237792969
2012-08-31,50.21397018432617,50.6482048034668,49.8174934387207,50.251731872558594
2012-09-04,50.15733337402344,50.39018249511719,49.03712844848633,49.3077392578125
2012-09-05,49.28886032104492,49.28886032104492,48.76652145385742,49.10635757446289
2012-09-06,49.55317687988281,50.16362380981445,49.49654006958008,49.96853256225586
2012-09-07,50.409061431884766,50.56010055541992,49.748268127441406,49.97482681274414
2012-09-10,49.84266662597656,50.088104248046875,49.46507263183594,49.47136688232422
2012-09-11,49.477657318115234,49.94965362548828,49.4210205078125,49.565765380859375
2012-09-12,49.616111755371094,49.94965362548828,49.40214157104492,49.60981750488281
2012-09-13,49.67274856567383,50.90623092651367,49.52800369262695,50.67967224121094
2012-09-14,50.97545623779297,51.9194450378418,50.774070739746094,51.88798141479492
2012-09-17,51.84392547607422,51.95720672607422,51.48521041870117,51.699180603027344
2012-09-18,51.3404655456543,51.60478210449219,51.03209686279297,51.27753448486328
2012-09-19,51.2020149230957,51.466331481933594,50.53492736816406,51.42856979370117
2012-09-20,51.22089385986328,51.29011917114258,50.459407806396484,50.92510986328125
2012-09-21,51.095027923583984,51.19572067260742,50.484580993652344,50.8181266784668
2012-09-24,50.61674118041992,50.61674118041992,49.98741149902344,50.36500930786133
2012-09-25,50.402767181396484,50.497169494628906,49.515419006347656,49.572059631347656
2012-09-26,49.65386962890625,49.75456237792969,49.282569885253906,49.4210205078125
2012-09-27,49.62240219116211,49.71680450439453,49.06230163574219,49.3077392578125
2012-09-28,48.76022720336914,49.34550094604492,48.41409683227539,49.269981384277344
2012-10-01,49.43989944458008,49.94965362548828,49.20075607299805,49.3077392578125
2012-10-02,49.452484130859375,49.71051025390625,49.07489013671875,49.33291244506836
2012-10-03,49.44619369506836,49.565765380859375,49.04342269897461,49.43989944458008
2012-10-04,49.67274856567383,49.861549377441406,49.3643798828125,49.4210205078125
2012-10-05,49.77973556518555,49.886722564697266,49.20075607299805,49.40843200683594
2012-10-08,49.20704650878906,49.4210205078125,48.94902420043945,49.32032775878906
2012-10-09,49.219635009765625,49.39584732055664,48.665828704833984,48.665828704833984
2012-10-10,48.584014892578125,48.70358657836914,47.73442459106445,47.84141159057617
2012-10-11,48.15607452392578,48.552547454833984,47.85399627685547,47.86029052734375
2012-10-12,47.82882308959961,48.036502838134766,47.633731842041016,47.80364990234375
2012-10-15,47.91063690185547,48.17495346069336,47.75330352783203,47.923221588134766
2012-10-16,48.25676345825195,48.904972076416016,48.0805549621582,48.83574676513672
2012-10-17,48.91755676269531,49.572059631347656,48.785400390625,49.42731475830078
2012-10-18,49.2951545715332,49.943359375,49.11894226074219,49.861549377441406
2012-10-19,49.60352325439453,49.804908752441406,48.86091995239258,49.08118438720703
2012-10-22,48.867210388183594,49.62240219116211,48.6595344543457,48.980491638183594
2012-10-23,48.1497802734375,49.40214157104492,48.04908752441406,48.50220489501953
2012-10-24,48.83574676513672,49.282569885253906,48.325992584228516,49.02454376220703
2012-10-25,49.2385139465332,49.46507263183594,48.47073745727539,48.640655517578125
2012-10-26,48.74134826660156,49.35808563232422,48.640655517578125,49.213340759277344
2012-10-31,49.830081939697266,49.830081939697266,48.99307632446289,49.188167572021484
2012-11-01,49.37696838378906,50.59156799316406,49.162994384765625,49.75456237792969
2012-11-02,49.89930725097656,50.28319549560547,49.10635757446289,49.13153076171875
2012-11-05,49.08747482299805,49.2951545715332,48.904972076416016,49.02454376220703
2012-11-06,49.12523651123047,50.5097541809082,49.02454376220703,50.32725143432617
2012-11-07,49.8174934387207,49.8174934387207,48.40150833129883,48.88609313964844
2012-11-08,48.73505401611328,48.898677825927734,47.923221588134766,47.92951583862305
2012-11-09,47.83511734008789,48.2064208984375,47.602264404296875,47.72813034057617
2012-11-12,47.93581008911133,48.577720642089844,47.67778396606445,48.42668151855469
2012-11-13,48.06796646118164,48.955318450927734,47.99244689941406,48.45814895629883
2012-11-14,48.325992584228516,48.33228302001953,46.84707260131836,46.97923278808594
2012-11-15,47.11768341064453,47.40717315673828,46.91630172729492,47.09880447387695
2012-11-16,47.18061828613281,47.633731842041016,46.86595153808594,47.35682678222656
2012-11-19,47.87916946411133,48.288230895996094,47.577091217041016,48.19383239746094
2012-11-20,47.9672737121582,48.344871520996094,47.77847671508789,48.263057708740234
2012-11-21,48.33857727050781,48.986785888671875,48.11831283569336,48.665828704833984
2012-11-23,48.97419738769531,49.502830505371094,48.842037200927734,49.47136688232422
2012-11-26,48.94272994995117,49.565765380859375,48.94272994995117,49.515419006347656
2012-11-27,49.3643798828125,49.71680450439453,49.02454376220703,49.60981750488281
2012-11-28,49.40214157104492,50.34613037109375,49.32032775878906,50.22026443481445
2012-11-29,50.25802230834961,50.47199630737305,49.78602981567383,50.195091247558594
2012-11-30,50.32095718383789,50.57268524169922,50.10698699951172,50.41535568237305
2012-12-03,50.805538177490234,51.19572067260742,50.1825065612793,50.22026443481445
2012-12-04,50.32725143432617,50.79924392700195,50.06293487548828,50.434234619140625
2012-12-05,50.56010055541992,50.8181266784668,49.9307746887207,50.490875244140625
2012-12-06,50.53492736816406,50.91252517700195,50.30207824707031,50.89364242553711
2012-12-07,51.00062942504883,51.2020149230957,50.522342681884766,50.96916198730469
2012-12-10,50.96916198730469,51.18313217163086,50.85588455200195,50.98175048828125
2012-12-11,51.25865173339844,51.390811920166016,50.94398880004883,51.095027923583984
2012-12-12,51.466331481933594,51.54814147949219,50.755191802978516,50.97545623779297
2012-12-13,51.11390686035156,51.214599609375,50.465702056884766,50.5789794921875
2012-12-14,50.33354187011719,50.8181266784668,50.23914337158203,50.33354187011719
2012-12-17,50.427940368652344,50.5097541809082,50.03146743774414,50.33983612060547
2012-12-18,50.409061431884766,51.89427185058594,50.28319549560547,51.74952697753906
2012-12-19,51.74323654174805,52.59282684326172,51.54185104370117,52.25299072265625
2012-12-20,52.3033332824707,52.636878967285156,52.026432037353516,52.341094970703125
2012-12-21,51.8376350402832,52.15229797363281,51.22718811035156,51.944618225097656
2012-12-24,51.9760856628418,52.108245849609375,51.68659591674805,51.755821228027344
2012-12-26,51.81875228881836,51.88168716430664,51.353050231933594,51.674007415771484
2012-12-27,51.705474853515625,51.88798141479492,51.05727005004883,51.648834228515625
2012-12-28,51.30270767211914,51.49150466918945,50.774070739746094,50.85588455200195
2012-12-31,50.66708755493164,51.762115478515625,50.522342681884766,51.61107635498047
2013-01-02,52.50471878051758,52.86343765258789,52.3033332824707,52.86343765258789
2013-01-03,52.70610427856445,53.15292739868164,52.49213409423828,53.058528900146484
2013-01-04,53.15922164916992,53.48646926879883,52.90748977661133,53.48017501831055
2013-01-07,53.20327377319336,53.48646926879883,53.09628677368164,53.22215270996094
2013-01-08,53.1088752746582,53.31025695800781,52.391441345214844,52.580238342285156
2013-01-09,52.82567596435547,53.6878547668457,52.75645065307617,53.209564208984375
2013-01-10,53.49276351928711,53.505348205566406,53.08999252319336,53.47388458251953
2013-01-11,53.41094970703125,53.80113220214844,53.272499084472656,53.606040954589844
2013-01-14,53.65009307861328,54.10321044921875,53.65009307861328,53.99622344970703
2013-01-15,53.606040954589844,54.20390319824219,53.43612289428711,54.09691619873047
2013-01-16,53.83259963989258,54.00251770019531,53.587162017822266,53.851478576660156
2013-01-17,54.17243576049805,54.49968338012695,53.86406326293945,54.37382125854492
2013-01-18,54.568912506103516,54.97797393798828,54.273128509521484,54.71995162963867
2013-01-22,54.5185661315918,55.066078186035156,54.3360595703125,55.04719924926758
2013-01-23,54.933921813964844,55.61988830566406,54.63184356689453,55.4247932434082
2013-01-24,55.38703536987305,55.98489761352539,55.084957122802734,55.95972442626953
2013-01-25,55.92196273803711,56.51982498168945,55.92196273803711,56.50723648071289
2013-01-28,56.59534454345703,56.63939666748047,56.2303352355957,56.51353073120117
2013-01-29,56.51982498168945,56.55128860473633,56.07929611206055,56.48835754394531
2013-01-30,56.40025329589844,56.46318435668945,56.02265548706055,56.073001861572266
2013-01-31,55.752044677734375,56.073001861572266,55.110130310058594,55.110130310058594
2013-02-01,55.37445068359375,56.708621978759766,55.37445068359375,56.53870391845703
2013-02-04,56.91000747680664,57.11138916015625,56.123348236083984,56.34990692138672
2013-02-05,56.80302047729492,57.016990661621094,56.041534423828125,56.1736946105957
2013-02-06,55.79609680175781,56.34361267089844,55.79609680175781,56.242919921875
2013-02-07,56.34990692138672,56.60792922973633,55.76463317871094,56.60792922973633
2013-02-08,56.702327728271484,57.19949722290039,56.48206329345703,56.6960334777832
2013-02-11,56.683448791503906,56.84077835083008,56.23662567138672,56.393959045410156
2013-02-12,56.51353073120117,56.68974304199219,56.356197357177734,56.626808166503906
2013-02-13,56.52611541748047,56.52611541748047,56.01007080078125,56.32473373413086
2013-02-14,56.154815673828125,56.63939666748047,55.88420486450195,56.444305419921875
2013-02-15,56.670860290527344,57.130271911621094,56.54499816894531,57.130271911621094
2013-02-19,57.287601470947266,57.58967971801758,57.03587341308594,57.281307220458984
2013-02-20,57.281307220458984,57.394588470458984,56.708621978759766,56.740089416503906
2013-02-21,56.50094223022461,56.51982498168945,55.70799255371094,56.26809310913086
2013-02-22,56.57017135620117,56.9477653503418,56.43171691894531,56.9477653503418
2013-02-25,57.20579147338867,57.23725509643555,55.61359405517578,55.61359405517578
2013-02-26,56.016361236572266,56.34361267089844,55.802391052246094,56.13593673706055
2013-02-27,56.073001861572266,57.11768341064453,55.63876724243164,56.998111724853516
2013-02-28,57.105098724365234,57.47010803222656,56.784141540527344,56.98552322387695
2013-03-01,56.80302047729492,57.11138916015625,56.186279296875,56.72120666503906
2013-03-04,56.34990692138672,56.45689010620117,55.68911361694336,56.091880798339844
2013-03-05,56.444305419921875,57.45122528076172,56.331024169921875,57.281307220458984
2013-03-06,57.6400260925293,57.80994415283203,57.20579147338867,57.312774658203125
2013-03-07,57.394588470458984,57.82882308959961,57.38199996948242,57.715545654296875
2013-03-08,57.916927337646484,58.47073745727539,57.82882308959961,57.942100524902344
2013-03-11,57.998741149902344,58.590309143066406,57.84141159057617,58.47073745727539
2013-03-12,58.43927001953125,58.67841339111328,58.055381774902344,58.615482330322266
2013-03-13,58.646949768066406,58.7979850769043,58.344871520996094,58.577720642089844
2013-03-14,58.76652145385742,58.81057357788086,58.50849533081055,58.81057357788086
2013-03-15,58.7161750793457,58.842037200927734,58.527374267578125,58.70358657836914
2013-03-18,58.50849533081055,58.89238357543945,58.288230895996094,58.38262939453125
2013-03-19,58.527374267578125,58.94272994995117,58.20012664794922,58.59660339355469
2013-03-20,59.04342269897461,59.156700134277344,58.74763870239258,58.81057357788086
2013-03-21,58.533668518066406,58.72246551513672,58.07426071166992,58.16865921020508
2013-03-22,58.39521789550781,58.930145263671875,58.2756462097168,58.898677825927734
2013-03-25,59.01824951171875,59.156700134277344,58.10572814941406,58.40150833129883
2013-03-26,58.70358657836914,58.82945251464844,58.237884521484375,58.30710983276367
2013-03-27,58.11201858520508,58.37633514404297,57.45122528076172,58.28193664550781
2013-03-28,58.590309143066406,58.986785888671875,58.533668518066406,58.7979850769043
2013-04-01,58.62806701660156,58.785400390625,58.33857727050781,58.47703170776367
2013-04-02,58.62177658081055,58.867210388183594,58.43297576904297,58.52108383178711
2013-04-03,58.62177658081055,59.137821197509766,58.533668518066406,58.65324020385742
2013-04-04,58.76022720336914,59.03083801269531,58.50220489501953,58.62806701660156
2013-04-05,57.898048400878906,58.37004470825195,57.83511734008789,58.300819396972656
2013-04-08,58.42668151855469,58.980491638183594,58.1623649597168,58.97419738769531
2013-04-09,59.11894226074219,59.52171325683594,58.76652145385742,59.43989944458008
2013-04-10,59.60981750488281,60.226558685302734,59.559471130371094,59.89930725097656
2013-04-11,60.113277435302734,60.31466293334961,59.89301300048828,60.30207824707031
2013-04-12,60.1825065612793,60.22026443481445,59.89301300048828,60.22026443481445
2013-04-15,60.01887893676758,60.088104248046875,58.842037200927734,58.8546257019043
2013-04-16,59.40843200683594,59.67274856567383,58.980491638183594,59.477657318115234
2013-04-17,59.02454376220703,59.08747482299805,58.15607452392578,58.43297576904297
2013-04-18,58.47073745727539,58.59660339355469,57.42605209350586,57.61485290527344
2013-04-19,57.721839904785156,58.70988082885742,57.721839904785156,58.665828704833984
2013-04-22,58.665828704833984,59.194461822509766,58.237884521484375,58.923851013183594
2013-04-23,58.7161750793457,59.31403350830078,57.048458099365234,58.45814895629883
2013-04-24,58.35745620727539,58.57143020629883,57.78477096557617,57.898048400878906
2013-04-25,58.1497802734375,58.646949768066406,57.898048400878906,57.9672737121582
2013-04-26,57.916927337646484,58.030208587646484,57.35053634643555,57.363121032714844
2013-04-29,57.43864059448242,57.76588821411133,57.029579162597656,57.658905029296875
2013-04-30,57.96098327636719,58.04279327392578,57.29389572143555,57.45122528076172
2013-05-01,57.29389572143555,57.67778396606445,57.21837615966797,57.30018997192383
2013-05-02,57.45122528076172,58.01762008666992,57.45122528076172,57.740718841552734
2013-05-03,58.35745620727539,58.82945251464844,58.16865921020508,58.59660339355469
2013-05-06,58.49591064453125,59.04971694946289,58.40150833129883,58.83574676513672
2013-05-07,58.898677825927734,59.09376907348633,58.69729232788086,59.07489013671875
2013-05-08,58.99937057495117,59.39584732055664,58.898677825927734,59.39584732055664
2013-05-09,59.477657318115234,60.15733337402344,59.35808563232422,59.63499069213867
2013-05-10,59.72938919067383,59.943359375,59.515419006347656,59.943359375
2013-05-13,59.804908752441406,59.98741149902344,59.64128494262695,59.75456237792969
2013-05-14,59.76715087890625,60.39647674560547,59.76715087890625,60.37130355834961
2013-05-15,60.08181381225586,60.33983612060547,59.65386962890625,60.29578399658203
2013-05-16,60.10698699951172,60.30836868286133,59.8174934387207,59.89301300048828
2013-05-17,59.96223831176758,61.30270767211914,59.70421600341797,61.26494598388672
2013-05-20,61.069854736328125,61.49779510498047,61.00692367553711,61.18942642211914
2013-05-21,61.3971061706543,61.768409729003906,61.18313217163086,61.390811920166016
2013-05-22,61.422279357910156,61.787288665771484,60.484580993652344,60.57268524169922
2013-05-23,60.02517318725586,60.39647674560547,59.74197769165039,60.094398498535156
2013-05-24,59.78602981567383,59.95594787597656,59.276275634765625,59.81120300292969
2013-05-28,60.37759780883789,60.805538177490234,60.10069274902344,60.39647674560547
2013-05-29,60.03146743774414,60.1825065612793,59.66645812988281,59.861549377441406
2013-05-30,60.06293487548828,60.73631286621094,59.911895751953125,60.39018249511719
2013-05-31,60.1825065612793,60.79924392700195,59.72309494018555,59.72309494018555
2013-06-03,59.886722564697266,60.25802230834961,59.162994384765625,59.9307746887207
2013-06-04,59.73568344116211,60.05034637451172,58.930145263671875,59.33291244506836
2013-06-05,59.11894226074219,59.17558288574219,58.44556427001953,58.533668518066406
2013-06-06,58.47073745727539,58.615482330322266,57.79735565185547,58.37004470825195
2013-06-07,58.980491638183594,59.5468864440918,57.75959777832031,59.47136688232422
2013-06-10,59.52800369262695,59.67274856567383,59.12523651123047,59.244808197021484
2013-06-11,58.728759765625,59.55317687988281,58.45185852050781,58.955318450927734
2013-06-12,59.534297943115234,59.68533706665039,58.19383239746094,58.325992584228516
2013-06-13,58.41409683227539,59.44619369506836,58.01762008666992,59.33920669555664
2013-06-14,59.37067413330078,59.69163131713867,58.936439514160156,59.169288635253906
2013-06-17,59.76715087890625,60.31466293334961,59.58464431762695,59.773441314697266
2013-06-18,59.75456237792969,60.67967224121094,59.75456237792969,60.522342681884766
2013-06-19,60.44682312011719,60.66708755493164,59.269981384277344,59.269981384277344
2013-06-20,58.67841339111328,58.823158264160156,58.0239143371582,58.11831283569336
2013-06-21,58.47703170776367,58.558841705322266,57.49528121948242,58.011329650878906
2013-06-24,57.43864059448242,58.19383239746094,56.82819366455078,57.577091217041016
2013-06-25,57.979862213134766,58.17495346069336,57.47639846801758,57.75959777832031
2013-06-26,58.294525146484375,58.76652145385742,57.98615646362305,58.51478958129883
2013-06-27,58.76022720336914,58.898677825927734,58.344871520996094,58.848331451416016
2013-06-28,58.665828704833984,59.05601119995117,58.1623649597168,58.48961639404297
2013-07-01,58.72246551513672,59.9307746887207,58.72246551513672,59.62240219116211
2013-07-02,59.60352325439453,59.855255126953125,58.83574676513672,59.03083801269531
2013-07-03,58.873504638671875,59.855255126953125,58.6028938293457,59.616111755371094
2013-07-05,60.10069274902344,60.811832427978516,60.05034637451172,60.748897552490234
2013-07-08,61.076148986816406,61.52926254272461,60.91881561279297,61.03209686279297
2013-07-09,61.52926254272461,62.00755310058594,61.3971061706543,61.68659591674805
2013-07-10,61.680301666259766,61.736942291259766,61.2838249206543,61.54185104370117
2013-07-11,62.259281158447266,62.79420852661133,62.19005584716797,62.737571716308594
2013-07-12,62.687225341796875,63.373191833496094,62.315921783447266,62.82567596435547
2013-07-15,62.983009338378906,63.2473258972168,62.75645065307617,63.08369827270508
2013-07-16,63.001888275146484,63.348018646240234,62.83826446533203,62.926368713378906
2013-07-17,63.44871139526367,63.561988830566406,63.1906852722168,63.47388458251953
2013-07-18,63.524227142333984,63.86406326293945,63.39836502075195,63.77595901489258
2013-07-19,63.8263053894043,64.5059814453125,63.6878547668457,64.49339294433594
2013-07-22,65.15418243408203,65.15418243408203,64.20390319824219,64.26054382324219
2013-07-23,65.00943756103516,66.4946517944336,64.83952331542969,66.15481567382812
2013-07-24,66.37507629394531,66.39395904541016,65.2989273071289,66.07300567626953
2013-07-25,66.129638671875,66.13593292236328,65.38074493408203,65.94713592529297
2013-07-26,65.6891098022461,66.11705780029297,65.43738555908203,66.06041717529297
2013-07-29,65.71428680419922,66.21145629882812,65.65764617919922,66.12334442138672
2013-07-30,66.39395904541016,66.71491241455078,66.06041717529297,66.4380111694336
2013-07-31,66.56387329101562,67.05474853515625,66.28697204589844,66.4380111694336
2013-08-01,66.97293853759766,67.87287902832031,66.97293853759766,67.45122528076172
2013-08-02,67.3757095336914,67.87916564941406,67.07992553710938,67.8225326538086
2013-08-05,67.55191802978516,67.57709503173828,67.07992553710938,67.11138916015625
2013-08-06,66.9918212890625,66.9918212890625,65.9345474243164,66.20516204833984
2013-08-07,66.01636505126953,66.84078216552734,65.89049530029297,66.72750091552734
2013-08-08,67.06733703613281,67.43864440917969,66.46318054199219,66.87224578857422
2013-08-09,66.74638366699219,67.0169906616211,66.06671142578125,66.46947479248047
2013-08-12,66.1611099243164,66.53240966796875,66.02265930175781,66.41912841796875
2013-08-13,66.59534454345703,67.58338928222656,66.299560546875,67.21208190917969
2013-08-14,66.88483428955078,67.11768341064453,66.03524017333984,66.11705780029297
2013-08-15,65.42479705810547,65.55695343017578,64.61925506591797,64.81434631347656
2013-08-16,64.79547119140625,65.27375793457031,64.6444320678711,64.87098693847656
2013-08-19,64.71365356445312,65.09125518798828,64.52485656738281,64.5877914428711
2013-08-20,64.5877914428711,64.78288269042969,64.12837982177734,64.44304656982422
2013-08-21,64.31718444824219,64.49339294433594,63.69414520263672,64.00251770019531
2013-08-22,64.24795532226562,65.44996643066406,63.97105026245117,64.79547119140625
2013-08-23,64.82064056396484,65.29264068603516,64.60037994384766,64.69477844238281
2013-08-26,64.75770568847656,65.12271881103516,64.38011169433594,64.38011169433594
2013-08-27,63.69414520263672,64.07803344726562,62.74386215209961,62.894901275634766
2013-08-28,62.80050277709961,63.17180633544922,62.75015640258789,62.920074462890625
2013-08-29,62.76274490356445,63.49276351928711,62.61800003051758,63.22215270996094
2013-08-30,63.39207077026367,63.42982864379883,62.76274490356445,62.9955940246582
2013-09-03,63.62491989135742,64.90245056152344,63.618629455566406,64.60667419433594
2013-09-04,64.46821594238281,65.07866668701172,64.22907257080078,65.04719543457031
2013-09-05,64.96538543701172,65.53178405761719,64.7199478149414,65.24858093261719
2013-09-06,65.5254898071289,65.70169830322266,64.30459594726562,64.96538543701172
2013-09-09,65.16047668457031,65.95343017578125,65.16047668457031,65.75204467773438
2013-09-10,66.23662567138672,66.96664428710938,66.07929229736328,66.87224578857422
2013-09-11,67.19320678710938,67.86029052734375,66.97293853759766,67.86029052734375
2013-09-12,67.8414077758789,68.67841339111328,67.74700927734375,67.86029052734375
2013-09-13,67.97357177734375,68.21271514892578,67.58967590332031,68.21271514892578
2013-09-16,68.93014526367188,69.2259292602539,68.62806701660156,69.0371322631836
2013-09-17,68.97419738769531,70.15103912353516,68.90496826171875,69.47136688232422
2013-09-18,69.28886413574219,69.91189575195312,68.53996276855469,69.8615493774414
2013-09-19,70.18250274658203,70.7740707397461,70.06922912597656,70.48458099365234
2013-09-20,70.48458099365234,70.60415649414062,68.96160888671875,68.96160888671875
2013-09-23,69.02454376220703,69.75456237792969,68.65953063964844,68.86091613769531
2013-09-24,68.94273376464844,69.60352325439453,68.65953063964844,69.2259292602539
2013-09-25,69.13782501220703,69.78602600097656,68.74134826660156,68.76022338867188
2013-09-26,69.01824951171875,69.46507263183594,68.66582489013672,69.01195526123047
2013-09-27,68.5903091430664,68.95531463623047,68.15607452392578,68.82315826416016
2013-09-30,68.50849914550781,68.60289764404297,67.6526107788086,67.85399627685547
2013-10-01,68.01762390136719,68.26935577392578,66.92888641357422,67.57709503173828
2013-10-02,67.17432403564453,67.1869125366211,65.79609680175781,66.06671142578125
2013-10-03,65.9723129272461,66.06671142578125,64.65072631835938,65.25487518310547
2013-10-04,65.30522155761719,65.84014892578125,65.00943756103516,65.61988830566406
2013-10-07,65.09754943847656,65.92196655273438,64.82064056396484,65.4688491821289
2013-10-08,65.45626068115234,65.75204467773438,64.65072631835938,64.66960144042969
2013-10-09,64.82064056396484,65.06607818603516,64.32347106933594,64.7199478149414
2013-10-10,65.68281555175781,66.65827941894531,65.43738555908203,66.65827941894531
2013-10-11,66.50724029541016,67.35682678222656,66.31214904785156,67.34423828125
2013-10-14,66.72750091552734,67.38200378417969,66.50724029541016,67.27501678466797
2013-10-15,67.22467041015625,67.28131103515625,66.56387329101562,66.58275604248047
2013-10-16,67.02957916259766,67.42605590820312,66.68974304199219,66.97923278808594
2013-10-17,66.69603729248047,68.0679702758789,66.69603729248047,67.9798583984375
2013-10-18,68.01762390136719,68.24417877197266,67.3757095336914,67.80364990234375
2013-10-21,67.90434265136719,67.92951202392578,67.30648040771484,67.72813415527344
2013-10-22,67.72813415527344,68.31969451904297,66.12334442138672,66.79043579101562
2013-10-23,66.83448791503906,67.28760528564453,66.4946517944336,66.95405578613281
2013-10-24,67.55821228027344,67.64631652832031,66.84078216552734,67.3757095336914
2013-10-25,67.28131103515625,67.67149353027344,67.04216766357422,67.66519927978516
2013-10-28,67.39458465576172,67.4889907836914,66.65198516845703,66.70233154296875
2013-10-29,66.72120666503906,66.9918212890625,66.55758666992188,66.97293853759766
2013-10-30,67.07992553710938,67.48269653320312,66.50724029541016,66.67715454101562
2013-10-31,66.64569091796875,67.4889907836914,66.53870391845703,66.86595153808594
2013-11-01,66.9918212890625,67.79735565185547,66.96664428710938,67.65890502929688
2013-11-04,68.16236877441406,68.24417877197266,67.64002227783203,67.9546890258789
2013-11-05,67.7092514038086,68.13089752197266,67.15544128417969,67.7658920288086
2013-11-06,68.11202239990234,68.58401489257812,68.03020477294922,68.38892364501953
2013-11-07,68.4581527709961,68.76651763916016,67.39458465576172,67.50786590576172
2013-11-08,67.34423828125,68.33857727050781,67.2057876586914,68.31340789794922
2013-11-11,68.30711364746094,68.3448715209961,67.82881927490234,68.01762390136719
2013-11-12,67.8980484008789,67.94839477539062,67.4323501586914,67.62114715576172
2013-11-13,67.05474853515625,67.67778778076172,66.72120666503906,67.62744140625
2013-11-14,68.28193664550781,68.57772064208984,67.64002227783203,68.4015121459961
2013-11-15,68.48332214355469,68.59660339355469,68.08684539794922,68.33857727050781
2013-11-18,68.3448715209961,69.1692886352539,68.3448715209961,68.67841339111328
2013-11-19,68.54625701904297,68.90496826171875,68.47073364257812,68.65953063964844
2013-11-20,68.785400390625,69.01824951171875,68.3448715209961,68.48961639404297
2013-11-21,68.672119140625,69.13153076171875,68.5903091430664,69.08118438720703
2013-11-22,69.06230163574219,69.43360900878906,68.74134826660156,69.35179138183594
2013-11-25,69.82379150390625,69.84896087646484,69.2825698852539,69.4210205078125
2013-11-26,69.48395538330078,70.16991424560547,69.38326263427734,69.81749725341797
2013-11-27,70.0,70.42164611816406,69.90560150146484,70.17620849609375
2013-11-29,70.04405212402344,70.23914337158203,69.66645812988281,69.76715087890625
2013-12-02,69.96224212646484,70.10698699951172,69.29515075683594,69.4210205078125
2013-12-03,69.17558288574219,69.5594711303711,68.76022338867188,69.03083801269531
2013-12-04,68.8105697631836,68.94902801513672,67.96098327636719,68.55884552001953
2013-12-05,68.02391052246094,68.96160888671875,68.02391052246094,68.62806701660156
2013-12-06,69.37696838378906,69.98111724853516,69.26998138427734,69.93077087402344
2013-12-09,69.88671875,70.20138549804688,69.6727523803711,69.96853637695312
2013-12-10,69.64757537841797,70.23914337158203,69.2825698852539,69.84266662597656
2013-12-11,69.90560150146484,69.98111724853516,68.37633514404297,68.38262939453125
2013-12-12,68.28193664550781,68.55255126953125,67.56450653076172,68.02391052246094
2013-12-13,66.80931091308594,67.8980484008789,66.64569091796875,67.55821228027344
2013-12-16,67.84770202636719,68.672119140625,67.6526107788086,68.30081939697266
2013-12-17,68.5903091430664,68.67841339111328,67.57709503173828,67.72813415527344
2013-12-18,67.96727752685547,69.13153076171875,67.30648040771484,69.10635375976562
2013-12-19,68.99308013916016,69.21963500976562,68.71617126464844,68.91126251220703
2013-12-20,68.73505401611328,69.93706512451172,68.64065551757812,69.64128112792969
2013-12-23,70.11957550048828,70.15103912353516,69.58464050292969,69.74197387695312
2013-12-24,69.7293930053711,70.23284912109375,69.65386962890625,70.15103912353516
2013-12-26,70.23914337158203,70.9628677368164,70.20767974853516,70.91881561279297
2013-12-27,71.0195083618164,71.13908386230469,70.76148223876953,70.98804473876953
2013-12-30,71.05097198486328,71.05097198486328,70.54751586914062,70.9439926147461
2013-12-31,71.214599609375,71.70547485351562,71.16425323486328,71.61737060546875
2014-01-02,71.05097198486328,71.24606323242188,70.67967224121094,70.79295349121094
2014-01-03,71.08244323730469,71.43486785888672,70.9439926147461,71.05097198486328
2014-01-06,71.3530502319336,71.64253997802734,70.58527374267578,70.98175048828125
2014-01-07,71.1894302368164,71.72435760498047,71.05097198486328,71.43486785888672
2014-01-08,71.0761489868164,71.70547485351562,70.83700561523438,71.5229721069336
2014-01-09,71.78728485107422,71.88797760009766,71.14537048339844,71.56072998046875
2014-01-10,71.90056610107422,72.19005584716797,71.11390686035156,71.63624572753906
2014-01-13,71.27753448486328,71.9635009765625,70.87476348876953,70.98804473876953
2014-01-14,70.9062271118164,71.37193298339844,70.56010437011719,70.88105773925781
2014-01-15,70.84329986572266,71.91944885253906,70.8307113647461,71.78728485107422
2014-01-16,71.66771697998047,71.9886703491211,71.48521423339844,71.88168334960938
2014-01-17,71.54814147949219,72.03901672363281,71.5229721069336,71.87539672851562
2014-01-21,72.27186584472656,72.98930358886719,72.03272247314453,72.36626434326172
2014-01-22,73.93958282470703,74.38640594482422,72.65576171875,73.07740783691406
2014-01-23,72.42290496826172,72.95154571533203,72.05160522460938,72.27186584472656
2014-01-24,71.75582122802734,71.9635009765625,70.33983612060547,70.35871887207031
2014-01-27,70.40906524658203,72.25299072265625,70.21397399902344,71.61107635498047
2014-01-28,71.48521423339844,71.69918060302734,71.10761260986328,71.6551284790039
2014-01-29,71.15166473388672,71.77470397949219,70.75519561767578,71.28382873535156
2014-01-30,71.73064422607422,72.54248046875,71.5229721069336,72.17118072509766
2014-01-31,71.101318359375,72.32850646972656,70.7174301147461,71.75582122802734
2014-02-03,71.81246185302734,72.20893859863281,69.29515075683594,69.32662200927734
2014-02-04,68.20012664794922,69.23851776123047,67.6526107788086,68.65953063964844
2014-02-05,68.15607452392578,68.52737426757812,67.33795166015625,67.91063690185547
2014-02-06,68.03020477294922,68.91126251220703,68.03020477294922,68.87979888916016
2014-02-07,69.24480438232422,69.96224212646484,69.21963500976562,69.68533325195312
2014-02-10,69.59722900390625,70.28319549560547,69.43360900878906,70.23284912109375
2014-02-11,70.3272476196289,71.23977661132812,70.10069274902344,71.08873748779297
2014-02-12,70.81812286376953,71.02580261230469,70.4656982421875,70.97545623779297
2014-02-13,70.59786224365234,71.47891998291016,70.28948974609375,71.30270385742188
2014-02-14,71.27753448486328,71.83133697509766,70.7174301147461,71.66142272949219
2014-02-18,71.74323272705078,71.81246185302734,71.08873748779297,71.5796127319336
2014-02-19,71.39081573486328,72.54877471923828,71.37193298339844,71.7684097290039
2014-02-20,71.96979522705078,72.6242904663086,71.4096908569336,72.4040298461914
2014-02-21,72.55506896972656,73.05223083496094,72.19635009765625,72.61170196533203
2014-02-24,72.85713958740234,73.99622344970703,72.56135559082031,73.31025695800781
2014-02-25,73.03335571289062,73.42353820800781,72.72498321533203,72.93266296386719
2014-02-26,72.93266296386719,73.49905395507812,72.75645446777344,73.07111358642578
2014-02-27,73.08370208740234,73.39836120605469,72.78162384033203,73.38578033447266
2014-02-28,73.58087158203125,74.20390319824219,73.12775421142578,73.643798828125
2014-03-03,72.75016021728516,73.69414520263672,72.65576171875,73.48017883300781
2014-03-04,74.13467407226562,74.36752319335938,73.72561645507812,74.00251770019531
2014-03-05,74.36123657226562,74.52485656738281,73.8388900756836,73.88923645019531
2014-03-06,74.3108901977539,74.38640594482422,73.79483795166016,74.10950469970703
2014-03-07,74.41158294677734,74.51227569580078,74.0088119506836,74.45563507080078
2014-03-10,74.38640594482422,74.51227569580078,73.56828308105469,74.11579895019531
2014-03-11,74.12837982177734,74.14726257324219,72.68722534179688,72.77532958984375
2014-03-12,72.63058471679688,72.89490509033203,72.06419372558594,72.88231658935547
2014-03-13,73.01447296142578,73.3165512084961,70.68596649169922,71.04468536376953
2014-03-14,71.13908386230469,71.96979522705078,70.7489013671875,70.86217498779297
2014-03-17,71.22089385986328,72.29704284667969,71.14537048339844,72.00125885009766
2014-03-18,72.19005584716797,72.55506896972656,71.95720672607422,72.17118072509766
2014-03-19,72.14600372314453,72.43549346923828,71.01321411132812,71.74952697753906
2014-03-20,71.76211547851562,72.05789947509766,71.11390686035156,71.5984878540039
2014-03-21,73.32913970947266,74.0088119506836,72.00125885009766,72.1019515991211
2014-03-24,72.35368347167969,72.49842834472656,71.06985473632812,71.58589935302734
2014-03-25,71.97608947753906,72.52359771728516,71.61107635498047,72.49842834472656
2014-03-26,72.90748596191406,73.18439483642578,72.10824584960938,72.10824584960938
2014-03-27,71.92573547363281,72.18376159667969,71.30270385742188,71.61737060546875
2014-03-28,71.86910247802734,72.64946746826172,71.81875610351562,72.25299072265625
2014-03-31,72.67463684082031,73.60604095458984,72.54877471923828,73.53052520751953
2014-04-01,73.68785095214844,74.26054382324219,73.49275970458984,74.21019744873047
2014-04-02,75.27375793457031,75.60100555419922,74.73253631591797,75.43738555908203
2014-04-03,75.51290130615234,75.51919555664062,74.96538543701172,75.37445068359375
2014-04-04,75.67023468017578,75.82756805419922,74.24795532226562,74.37381744384766
2014-04-07,73.757080078125,74.67589569091797,73.07111358642578,73.11516571044922
2014-04-08,72.88861083984375,73.22215270996094,72.33480072021484,72.85713958740234
2014-04-09,73.04594421386719,73.6752700805664,72.75016021728516,73.65638732910156
2014-04-10,73.63750457763672,73.88923645019531,72.05160522460938,72.09565734863281
2014-04-11,71.83763122558594,72.50472259521484,71.45374298095703,71.69918060302734
2014-04-14,72.19635009765625,72.56135559082031,71.7117691040039,72.33480072021484
2014-04-15,72.56135559082031,73.05223083496094,71.69918060302734,72.90119934082031
2014-04-16,73.63121795654297,74.31718444824219,72.94525146484375,74.30459594726562
2014-04-17,74.57520294189453,75.07237243652344,74.32347106933594,74.61925506591797
2014-04-21,74.68848419189453,74.92762756347656,74.38011169433594,74.4493408203125
2014-04-22,75.06607818603516,75.9345474243164,74.8898696899414,75.00943756103516
2014-04-23,74.94021606445312,75.48143768310547,74.85210418701172,75.2989273071289
2014-04-24,75.56954193115234,75.56954193115234,74.60667419433594,74.87728118896484
2014-04-25,74.55003356933594,74.79547119140625,73.5619888305664,73.76337432861328
2014-04-28,74.14726257324219,74.49968719482422,73.24732208251953,74.07173919677734
2014-04-29,74.21019744873047,74.48080444335938,73.66897583007812,73.98363494873047
2014-04-30,74.01510620117188,74.78288269042969,73.92699432373047,74.46821594238281
2014-05-01,74.2794189453125,74.5877914428711,73.38578033447266,73.5053482055664
2014-05-02,73.02076721191406,73.8955307006836,72.90748596191406,73.32913970947266
2014-05-05,73.02076721191406,73.72561645507812,72.69351959228516,73.51793670654297
2014-05-06,73.20956420898438,73.3920669555664,72.94525146484375,73.0081787109375
2014-05-07,73.17180633544922,73.6752700805664,72.76903533935547,73.57457733154297
2014-05-08,73.54940032958984,74.31718444824219,73.49275970458984,73.643798828125
2014-05-09,73.51793670654297,73.80742645263672,73.0962905883789,73.62492370605469
2014-05-12,73.90811920166016,74.73253631591797,73.87665557861328,74.65702056884766
2014-05-13,74.90245056152344,75.00943756103516,74.68848419189453,74.72624206542969
2014-05-14,74.61296081542969,74.61925506591797,73.7319107055664,73.83259582519531
2014-05-15,73.66268157958984,73.78854370117188,72.58653259277344,72.8130874633789
2014-05-16,72.92007446289062,73.14034271240234,72.0453109741211,72.10824584960938
2014-05-19,71.78728485107422,72.73127746582031,71.69288635253906,72.38514709472656
2014-05-20,72.26557922363281,72.45437622070312,70.86217498779297,71.17684173583984
2014-05-21,71.49150085449219,72.3473892211914,71.49150085449219,72.27186584472656
2014-05-22,72.03901672363281,72.69351959228516,71.91944885253906,72.39773559570312
2014-05-23,72.41032409667969,72.78791809082031,72.32850646972656,72.71239471435547
2014-05-27,73.05852508544922,73.20956420898438,72.78162384033203,72.90748596191406
2014-05-28,72.95783233642578,73.34801483154297,72.89490509033203,72.97042083740234
2014-05-29,73.1466293334961,73.41094970703125,72.8697280883789,73.22215270996094
2014-05-30,73.18439483642578,73.49905395507812,72.86343383789062,73.14034271240234
2014-06-02,73.2599105834961,73.97734069824219,73.12775421142578,73.88294219970703
2014-06-03,74.26054382324219,74.39899444580078,73.98363494873047,74.14726257324219
2014-06-04,74.1976089477539,74.24795532226562,73.51793670654297,73.71932220458984
2014-06-05,73.80742645263672,74.51227569580078,73.587158203125,74.36752319335938
2014-06-06,74.5311508178711,74.82693481445312,74.43675231933594,74.82693481445312
2014-06-09,74.8898696899414,75.63876342773438,74.56261444091797,75.57583618164062
2014-06-10,75.32410430908203,75.41850280761719,74.61296081542969,74.9716796875
2014-06-11,74.63813781738281,74.69477844238281,74.17243194580078,74.4493408203125
2014-06-12,74.16614532470703,74.41158294677734,73.35430908203125,73.53681945800781
2014-06-13,73.58087158203125,73.80113220214844,73.19068908691406,73.49905395507812
2014-06-16,73.33543395996094,73.76337432861328,73.12775421142578,73.54940032958984
2014-06-17,73.2347412109375,73.85777282714844,73.12775421142578,73.63750457763672
2014-06-18,73.68785095214844,73.92699432373047,72.95783233642578,73.77596282958984
2014-06-19,73.92699432373047,74.09691619873047,73.41724395751953,73.99622344970703
2014-06-20,74.32976531982422,74.43675231933594,73.90811920166016,74.2542495727539
2014-06-23,74.12208557128906,74.21649169921875,73.4487075805664,73.71302795410156
2014-06-24,73.43612670898438,73.62492370605469,72.78162384033203,72.80050659179688
2014-06-25,72.77532958984375,73.21585845947266,72.59912109375,73.07740783691406
2014-06-26,73.0396499633789,73.14034271240234,72.41032409667969,72.84455871582031
2014-06-27,72.83197021484375,73.36689758300781,72.67463684082031,73.36689758300781
2014-06-30,73.24732208251953,73.24732208251953,72.49842834472656,72.65576171875
2014-07-01,72.9830093383789,73.29766845703125,72.68722534179688,72.95783233642578
2014-07-02,72.98930358886719,72.98930358886719,72.18376159667969,72.4606704711914
2014-07-03,72.69981384277344,73.00188446044922,72.61799621582031,72.70610046386719
2014-07-07,72.75645446777344,72.87602233886719,72.19005584716797,72.43549346923828
2014-07-08,72.2152328491211,72.43549346923828,71.7117691040039,71.78728485107422
2014-07-09,71.9635009765625,72.05789947509766,71.3530502319336,71.64253997802734
2014-07-10,70.98175048828125,71.69288635253906,70.76148223876953,71.43486785888672
2014-07-11,71.61737060546875,72.08936309814453,71.45374298095703,71.8250503540039
2014-07-14,72.35997772216797,72.59282684326172,72.16488647460938,72.29704284667969
2014-07-15,72.47325134277344,73.15921783447266,72.14600372314453,72.27186584472656
2014-07-16,72.54248046875,72.54248046875,71.88797760009766,71.96979522705078
2014-07-17,71.69918060302734,71.81246185302734,70.93769836425781,70.96916198730469
2014-07-18,71.12020111083984,71.52926635742188,70.98175048828125,71.47262573242188
2014-07-21,71.37822723388672,71.42857360839844,70.84329986572266,71.101318359375
2014-07-22,71.6551284790039,71.74323272705078,68.66582489013672,69.76715087890625
2014-07-23,69.63499450683594,69.79861450195312,68.94273376464844,69.0560073852539
2014-07-24,69.2259292602539,69.34549713134766,68.46443939208984,68.56513214111328
2014-07-25,68.37004089355469,68.72246551513672,68.23788452148438,68.52108001708984
2014-07-28,68.60289764404297,68.7035903930664,68.01762390136719,68.5903091430664
2014-07-29,68.4770278930664,68.75393676757812,67.47010803222656,67.54562377929688
2014-07-30,67.84770202636719,68.06167602539062,66.75267791748047,66.94776916503906
2014-07-31,66.51982116699219,67.06733703613281,66.14222717285156,66.17369079589844
2014-08-01,66.02894592285156,66.58905029296875,65.6072998046875,65.92196655273438
2014-08-04,66.1044692993164,66.29326629638672,65.70169830322266,66.11076354980469
2014-08-05,65.96601867675781,66.53240966796875,65.75204467773438,66.09188079833984
2014-08-06,65.6072998046875,65.79609680175781,64.90874481201172,65.31781005859375
2014-08-07,65.69540405273438,65.80868530273438,65.28634643554688,65.58841705322266
2014-08-08,65.87162017822266,66.69603729248047,65.5254898071289,66.6834487915039
2014-08-11,67.06733703613281,67.24354553222656,66.50724029541016,66.53240966796875
2014-08-12,66.299560546875,66.58275604248047,65.9345474243164,66.02265930175781
2014-08-13,65.94084167480469,66.56387329101562,65.94084167480469,66.43171691894531
2014-08-14,66.42542266845703,66.7400894165039,66.39395904541016,66.56387329101562
2014-08-15,66.9037094116211,66.9351806640625,66.04153442382812,66.47576904296875
2014-08-18,67.12397766113281,68.04279327392578,67.01069641113281,68.02391052246094
2014-08-19,68.08055114746094,68.33228302001953,67.77218627929688,68.31969451904297
2014-08-20,68.3448715209961,69.14411926269531,68.31969451904297,69.04342651367188
2014-08-21,69.2259292602539,69.3643798828125,68.91126251220703,69.26368713378906
2014-08-22,69.0937728881836,69.18817138671875,68.74764251708984,68.842041015625
2014-08-25,69.02454376220703,69.32032775878906,69.02454376220703,69.1126480102539
2014-08-26,69.16299438476562,69.33291625976562,68.99937438964844,69.02454376220703
2014-08-27,69.35179138183594,69.43989562988281,68.51478576660156,68.65324401855469
2014-08-28,68.47073364257812,68.74134826660156,68.14348602294922,68.66582489013672
2014-08-29,68.66582489013672,68.81686401367188,67.7847671508789,67.9546890258789
2014-09-02,68.13089752197266,68.64065551757812,67.79106140136719,68.62177276611328
2014-09-03,69.21963500976562,69.2259292602539,68.48332214355469,68.72246551513672
2014-09-04,68.90496826171875,69.00566101074219,68.63436126708984,68.73505401611328
2014-09-05,68.91755676269531,68.91755676269531,68.2064208984375,68.40780639648438
2014-09-08,68.5336685180664,68.55884552001953,68.26935577392578,68.3448715209961
2014-09-09,68.44556427001953,68.58401489257812,68.22529602050781,68.38892364501953
2014-09-10,68.38892364501953,68.73505401611328,68.02391052246094,68.28193664550781
2014-09-11,68.14348602294922,68.42668151855469,67.99874114990234,68.2882308959961
2014-09-12,68.09943389892578,68.37004089355469,67.93580627441406,68.18753814697266
2014-09-15,68.14348602294922,68.2630615234375,67.80994415283203,68.16866302490234
2014-09-16,67.86029052734375,68.50849914550781,67.52045440673828,68.30711364746094
2014-09-17,68.38262939453125,68.56513214111328,67.72813415527344,67.98615264892578
2014-09-18,67.5959701538086,68.38262939453125,67.5959701538086,68.29452514648438
2014-09-19,68.65953063964844,68.72246551513672,68.0679702758789,68.25047302246094
2014-09-22,67.98615264892578,68.25676727294922,66.94147491455078,67.00440216064453
2014-09-23,67.01069641113281,67.01069641113281,66.1044692993164,66.34361267089844
2014-09-24,66.47576904296875,66.86595153808594,66.16740417480469,66.75267791748047
2014-09-25,66.70862579345703,66.74638366699219,65.63876342773438,65.75833892822266
2014-09-26,65.6072998046875,66.31843566894531,65.6072998046875,66.23033142089844
2014-09-29,65.70169830322266,66.38766479492188,65.61988830566406,66.129638671875
2014-09-30,66.41912841796875,66.84078216552734,66.12334442138672,66.45689392089844
2014-10-01,66.20516204833984,66.23662567138672,65.09754943847656,65.34927368164062
2014-10-02,65.26746368408203,65.43109130859375,64.4745101928711,64.9716796875
2014-10-03,65.39332580566406,65.81497955322266,65.19823455810547,65.71428680419922
2014-10-06,66.11705780029297,66.41912841796875,65.29264068603516,65.58841705322266
2014-10-07,65.34927368164062,65.44367218017578,63.80113220214844,63.8263053894043
2014-10-08,64.00251770019531,64.63184356689453,63.36689758300781,64.5877914428711
2014-10-09,64.34864807128906,64.63813781738281,62.82567596435547,62.894901275634766
2014-10-10,62.926368713378906,63.41724395751953,62.46066665649414,62.894901275634766
2014-10-13,62.96412658691406,63.53681564331055,62.44178771972656,62.49842834472656
2014-10-14,62.75015640258789,63.6312141418457,62.6683464050293,63.008182525634766
2014-10-15,62.341094970703125,62.67463684082031,61.23347854614258,62.41032028198242
2014-10-16,61.77470016479492,62.98929977416992,61.64254379272461,62.448081970214844
2014-10-17,63.1214599609375,64.17872619628906,63.08369827270508,63.895530700683594
2014-10-20,63.8263053894043,64.04656982421875,63.54310989379883,63.86406326293945
2014-10-21,65.5254898071289,65.54436492919922,63.36060333251953,64.17872619628906
2014-10-22,64.8898696899414,64.8898696899414,63.59974670410156,63.67526626586914
2014-10-23,64.73883056640625,65.4122085571289,64.48080444335938,64.93392181396484
2014-10-24,64.92133331298828,65.36815643310547,64.69477844238281,65.3366928100586
2014-10-27,65.31781005859375,65.63876342773438,65.12901306152344,65.56954193115234
2014-10-28,66.05412292480469,67.03587341308594,65.9911880493164,66.8785400390625
2014-10-29,67.16173553466797,67.50786590576172,66.34361267089844,66.61421966552734
2014-10-30,66.21145629882812,67.07992553710938,65.89049530029297,66.92259216308594
2014-10-31,67.86029052734375,67.93580627441406,67.32536315917969,67.33795166015625
2014-11-03,67.60226440429688,67.6526107788086,66.72750091552734,66.89742279052734
2014-11-04,67.33795166015625,67.52045440673828,66.91629791259766,67.2624282836914
2014-11-05,67.68407440185547,68.24417877197266,67.38829803466797,67.92322540283203
2014-11-06,67.90434265136719,68.48961639404297,67.82881927490234,68.33228302001953
2014-11-07,68.27564239501953,68.6469497680664,67.93580627441406,68.6469497680664
2014-11-10,68.62806701660156,68.74134826660156,68.38892364501953,68.59660339355469
2014-11-11,68.59660339355469,68.69100189208984,67.98615264892578,68.13089752197266
2014-11-12,67.75959777832031,68.13089752197266,67.56450653076172,68.05538177490234
2014-11-13,68.16866302490234,68.57772064208984,67.94839477539062,68.05538177490234
2014-11-14,67.91693115234375,68.2315902709961,67.58338928222656,67.62114715576172
2014-11-17,67.47010803222656,67.79735565185547,67.4323501586914,67.57080078125
2014-11-18,67.77848052978516,68.65324401855469,67.52045440673828,68.47073364257812
2014-11-19,68.31340789794922,68.48332214355469,68.09943389892578,68.38262939453125
2014-11-20,67.96727752685547,68.50849914550781,67.88545989990234,68.48332214355469
2014-11-21,69.33291625976562,69.60981750488281,69.20704650878906,69.41472625732422
2014-11-24,68.57142639160156,70.29578399658203,68.22529602050781,68.46443939208984
2014-11-25,69.2825698852539,70.64820861816406,69.0371322631836,70.30207824707031
2014-11-26,70.35242462158203,70.47828674316406,69.12523651123047,69.32662200927734
2014-11-28,69.62870025634766,69.7293930053711,69.17558288574219,69.27627563476562
2014-12-01,68.63436126708984,69.40213775634766,68.40780639648438,69.03083801269531
2014-12-02,69.11894226074219,69.68533325195312,68.90496826171875,69.02454376220703
2014-12-03,69.16299438476562,70.11957550048828,68.96160888671875,69.84896087646484
2014-12-04,69.52171325683594,69.99370574951172,69.19446563720703,69.98741149902344
2014-12-05,70.15733337402344,70.26432037353516,69.5028305053711,70.03775787353516
2014-12-08,70.64191436767578,72.08936309814453,70.18250274658203,71.14537048339844
2014-12-09,70.62932586669922,72.37255859375,70.20767974853516,72.36626434326172
2014-12-10,72.05789947509766,72.39144134521484,71.33417510986328,71.42857360839844
2014-12-11,71.80616760253906,72.28445434570312,71.27753448486328,71.7684097290039
2014-12-12,69.56576538085938,71.52926635742188,69.28886413574219,70.5789794921875
2014-12-15,70.89994049072266,71.39710235595703,70.24543762207031,70.42794036865234
2014-12-16,70.62932586669922,72.18376159667969,70.06293487548828,71.25865173339844
2014-12-17,71.43486785888672,71.95720672607422,70.37129974365234,71.68030548095703
2014-12-18,72.46695709228516,73.60604095458984,72.05789947509766,73.60604095458984
2014-12-19,73.1781005859375,73.75078582763672,72.61170196533203,72.74386596679688
2014-12-22,72.54877471923828,73.757080078125,72.54877471923828,73.71932220458984
2014-12-23,73.94587707519531,74.27312469482422,73.58087158203125,73.76337432861328
2014-12-24,74.04656982421875,74.21649169921875,73.54940032958984,73.57457733154297
2014-12-26,73.95846557617188,74.13467407226562,73.69414520263672,73.7822494506836
2014-12-29,73.22215270996094,73.84518432617188,73.22215270996094,73.54310607910156
2014-12-30,73.5619888305664,73.5619888305664,72.95783233642578,73.12775421142578
2014-12-31,73.37948608398438,73.56828308105469,72.3473892211914,72.37255859375
2015-01-02,72.4606704711914,72.77532958984375,71.61737060546875,72.39773559570312
2015-01-05,72.08936309814453,72.66204833984375,71.01321411132812,71.1894302368164
2015-01-06,70.65450286865234,71.13908386230469,69.37067413330078,70.18250274658203
2015-01-07,70.70484924316406,71.327880859375,70.4971694946289,70.9439926147461
2015-01-08,71.69288635253906,72.37255859375,71.30270385742188,72.15229797363281
2015-01-09,72.32850646972656,72.45437622070312,71.3530502319336,71.75582122802734
2015-01-12,72.03272247314453,72.2152328491211,71.12649536132812,72.02642822265625
2015-01-13,72.70610046386719,73.53052520751953,71.42857360839844,71.95720672607422
2015-01-14,71.22089385986328,71.8502197265625,70.87476348876953,71.44115447998047
2015-01-15,71.8502197265625,72.1774673461914,71.15166473388672,71.44115447998047
2015-01-16,71.23348236083984,73.21585845947266,71.214599609375,73.0962905883789
2015-01-20,73.36689758300781,74.09062194824219,72.93895721435547,73.96475982666016
2015-01-21,73.85777282714844,75.07866668701172,73.757080078125,74.90874481201172
2015-01-22,75.36815643310547,75.94713592529297,74.73883056640625,75.8023910522461
2015-01-23,75.75204467773438,76.11705780029297,75.47514343261719,75.50660705566406
2015-01-26,75.4122085571289,75.4688491821289,74.43675231933594,74.73253631591797
2015-01-27,73.3165512084961,75.7457504272461,72.37885284423828,74.99056243896484
2015-01-28,75.12901306152344,75.12901306152344,73.49905395507812,73.58087158203125
2015-01-29,73.55569458007812,73.65009307861328,72.03901672363281,73.28508758544922
2015-01-30,72.38514709472656,73.1466293334961,72.13970947265625,72.2341079711914
2015-02-02,72.47954559326172,73.44241333007812,71.77470397949219,73.36689758300781
2015-02-03,73.99622344970703,75.21711730957031,73.26620483398438,74.82064056396484
2015-02-04,74.73253631591797,74.8898696899414,73.91441345214844,74.12837982177734
2015-02-05,74.42416381835938,75.7457504272461,74.21019744873047,75.58841705322266
2015-02-06,75.51919555664062,76.1611099243164,75.12901306152344,75.39962005615234
2015-02-09,75.1667709350586,75.48143768310547,74.8332290649414,75.09125518798828
2015-02-10,75.44996643066406,75.65764617919922,74.83952331542969,75.1416015625
2015-02-11,74.58149719238281,74.92762756347656,74.24166107177734,74.69477844238281
2015-02-12,74.99685668945312,75.4940185546875,74.7765884399414,75.26116943359375
2015-02-13,75.10383605957031,76.38766479492188,75.10383605957031,76.30585479736328
2015-02-17,76.14852142333984,76.71491241455078,75.87791442871094,76.34990692138672
2015-02-18,76.34990692138672,77.19320678710938,76.15481567382812,76.77155303955078
2015-02-19,76.51353454589844,77.40717315673828,76.51353454589844,77.35053253173828
2015-02-20,77.40087890625,78.31969451904297,76.77784729003906,78.10572814941406
2015-02-23,77.80364990234375,78.13719177246094,77.45122528076172,77.86029052734375
2015-02-24,77.67149353027344,78.12460327148438,77.40087890625,77.90434265136719
2015-02-25,77.94210052490234,78.24417877197266,77.3757095336914,77.64002227783203
2015-02-26,77.60855865478516,77.75330352783203,76.87224578857422,77.19949340820312
2015-02-27,77.12397766113281,77.31277465820312,76.64569091796875,76.72120666503906
2015-03-02,76.72120666503906,77.72183990478516,76.4946517944336,77.52674865722656
2015-03-03,76.7652587890625,77.33795166015625,76.2177505493164,76.58905029296875
2015-03-04,76.30585479736328,76.39395904541016,75.84644317626953,76.17369079589844
2015-03-05,76.33102416992188,76.45689392089844,75.73945617675781,76.01636505126953
2015-03-06,75.1416015625,75.7457504272461,74.81434631347656,75.16047668457031
2015-03-09,75.07237243652344,76.89742279052734,75.07237243652344,76.62051391601562
2015-03-10,75.86532592773438,76.13593292236328,73.84518432617188,73.88294219970703
2015-03-11,74.12208557128906,74.8332290649414,73.86406707763672,74.4745101928711
2015-03-12,75.73945617675781,76.44430541992188,75.69540405273438,76.299560546875
2015-03-13,75.99748229980469,76.52611541748047,74.07173919677734,74.72624206542969
2015-03-16,75.04719543457031,75.61988830566406,74.90874481201172,75.56324768066406
2015-03-17,75.21711730957031,75.60100555419922,74.73253631591797,75.43109130859375
2015-03-18,75.06607818603516,75.89678955078125,73.78854370117188,75.71428680419922
2015-03-19,75.54436492919922,75.71428680419922,74.9150390625,75.12901306152344
2015-03-20,75.39962005615234,75.77092742919922,75.17935943603516,75.17935943603516
2015-03-23,75.17935943603516,75.32410430908203,74.38011169433594,74.68848419189453
2015-03-24,74.9150390625,75.63247680664062,74.4178695678711,74.83952331542969
2015-03-25,75.01573181152344,75.10383605957031,73.24732208251953,73.29137420654297
2015-03-26,72.97671508789062,73.3920669555664,72.38514709472656,73.02706146240234
2015-03-27,73.08999633789062,73.757080078125,73.03335571289062,73.56828308105469
2015-03-30,74.05915832519531,75.03461456298828,73.88294219970703,74.78288269042969
2015-03-31,74.05286407470703,74.35494232177734,73.72561645507812,73.757080078125
2015-04-01,73.86406707763672,73.93328857421875,72.59912109375,72.95154571533203
2015-04-02,73.3731918334961,74.05915832519531,72.99559783935547,73.71302795410156
2015-04-06,72.95783233642578,74.70735931396484,72.95783233642578,74.17243194580078
2015-04-07,74.10950469970703,74.60667419433594,73.91441345214844,73.93958282470703
2015-04-08,74.07803344726562,74.66960144042969,73.66897583007812,74.15985107421875
2015-04-09,74.07173919677734,74.72624206542969,73.74449157714844,74.18502044677734
2015-04-10,74.34864807128906,74.85210418701172,73.90182495117188,74.55003356933594
2015-04-13,74.24166107177734,74.65072631835938,73.7822494506836,73.88923645019531
2015-04-14,73.66268157958984,74.32976531982422,73.36689758300781,74.0654525756836
2015-04-15,74.3108901977539,74.75141906738281,73.95846557617188,74.17872619628906
2015-04-16,73.85147857666016,74.45563507080078,73.58087158203125,73.93328857421875
2015-04-17,73.19697570800781,73.32913970947266,72.28445434570312,72.44178771972656
2015-04-20,73.01447296142578,73.73819732666016,72.93266296386719,73.32284545898438
2015-04-21,74.7199478149414,74.8898696899414,73.07111358642578,73.59974670410156
2015-04-22,73.62492370605469,73.90182495117188,72.83197021484375,73.60604095458984
2015-04-23,73.26620483398438,74.20390319824219,73.02076721191406,73.79483795166016
2015-04-24,73.90811920166016,74.07173919677734,73.0396499633789,73.10257720947266
2015-04-27,73.41724395751953,73.54940032958984,72.8130874633789,72.83826446533203
2015-04-28,72.49842834472656,73.15292358398438,72.34109497070312,73.05223083496094
2015-04-29,72.7375717163086,73.1466293334961,72.47954559326172,72.61170196533203
2015-04-30,72.32850646972656,72.76903533935547,71.2964096069336,71.58589935302734
2015-05-01,72.11454010009766,72.82567596435547,72.06419372558594,72.64946746826172
2015-05-04,72.86343383789062,73.71932220458984,72.8130874633789,73.28508758544922
2015-05-05,73.0081787109375,73.55569458007812,72.19005584716797,72.41661071777344
2015-05-06,73.35430908203125,73.35430908203125,71.91315460205078,72.42290496826172
2015-05-07,72.45437622070312,73.35430908203125,72.11454010009766,73.02706146240234
2015-05-08,74.07803344726562,74.79547119140625,73.82630920410156,74.5311508178711
2015-05-11,73.90811920166016,74.56890869140625,73.90811920166016,74.07173919677734
2015-05-12,73.66268157958984,74.15355682373047,73.01447296142578,73.85777282714844
2015-05-13,73.61233520507812,74.26054382324219,73.54310607910156,73.86406707763672
2015-05-14,74.14726257324219,75.12271881103516,74.14726257324219,74.97797393798828
2015-05-15,74.94021606445312,75.13530731201172,74.21019744873047,74.56890869140625
2015-05-18,74.59408569335938,74.96538543701172,74.51227569580078,74.58149719238281
2015-05-19,74.63813781738281,75.17306518554688,74.58149719238281,74.93392181396484
2015-05-20,75.30522155761719,75.30522155761719,74.63813781738281,74.80805206298828
2015-05-21,74.77029418945312,75.30522155761719,74.7010726928711,74.96538543701172
2015-05-22,74.8898696899414,75.30522155761719,74.60667419433594,74.65072631835938
2015-05-26,74.60667419433594,74.65072631835938,73.2599105834961,73.54940032958984
2015-05-27,73.88294219970703,74.18502044677734,73.4298324584961,74.03398132324219
2015-05-28,73.80113220214844,74.26054382324219,73.80113220214844,74.0654525756836
2015-05-29,73.9521713256836,74.01510620117188,73.27249908447266,73.73819732666016
2015-06-01,73.77596282958984,74.0276870727539,73.29137420654297,73.63121795654297
2015-06-02,73.46129608154297,74.29200744628906,73.15292358398438,73.84518432617188
2015-06-03,74.2794189453125,74.96538543701172,73.88294219970703,74.58149719238281
2015-06-04,74.15355682373047,74.52485656738281,73.49905395507812,73.71932220458984
2015-06-05,73.3731918334961,73.870361328125,73.11516571044922,73.63121795654297
2015-06-08,73.34172058105469,73.85777282714844,73.07111358642578,73.11516571044922
2015-06-09,73.32284545898438,73.78854370117188,73.01447296142578,73.19068908691406
2015-06-10,73.94587707519531,74.26054382324219,73.57457733154297,73.94587707519531
2015-06-11,74.2542495727539,74.51227569580078,73.90182495117188,74.46192932128906
2015-06-12,73.92070770263672,74.2794189453125,73.643798828125,74.0088119506836
2015-06-15,72.50472259521484,72.70610046386719,71.99496459960938,72.12712097167969
2015-06-16,72.06419372558594,72.61170196533203,71.94461822509766,72.33480072021484
2015-06-17,72.54877471923828,72.67463684082031,71.73064422607422,72.41661071777344
2015-06-18,71.92573547363281,73.35430908203125,71.92573547363281,72.93895721435547
2015-06-19,72.75016021728516,73.0962905883789,72.30333709716797,72.30333709716797
2015-06-22,72.6242904663086,72.86343383789062,72.3473892211914,72.54877471923828
2015-06-23,72.47954559326172,72.69981384277344,72.32221221923828,72.51730346679688
2015-06-24,72.18376159667969,72.26557922363281,71.62995910644531,71.72435760498047
2015-06-25,71.89427185058594,72.15229797363281,71.30270385742188,71.30270385742188
2015-06-26,71.4096908569336,71.7369384765625,71.14537048339844,71.44115447998047
2015-06-29,70.95027923583984,71.1327896118164,70.1384506225586,70.18879699707031
2015-06-30,70.6356201171875,70.78665924072266,69.6161117553711,69.81120300292969
2015-07-01,70.50346374511719,70.59156799316406,69.31403350830078,69.74197387695312
2015-07-02,70.06293487548828,70.22655487060547,68.73505401611328,68.94902801513672
2015-07-06,68.19383239746094,69.10635375976562,67.93580627441406,68.82315826416016
2015-07-07,68.93643951416016,69.3643798828125,67.99874114990234,69.2825698852539
2015-07-08,68.44556427001953,69.04972076416016,68.13089752197266,68.38892364501953
2015-07-09,69.2259292602539,69.5028305053711,68.54625701904297,68.54625701904297
2015-07-10,69.46507263183594,70.03146362304688,68.91755676269531,69.3392105102539
2015-07-13,69.9748306274414,70.47199249267578,69.69792175292969,70.22026062011719
2015-07-14,70.16991424560547,70.25802612304688,69.86784362792969,70.17620849609375
2015-07-15,70.16991424560547,70.37759399414062,69.73567962646484,70.01258850097656
2015-07-16,70.68596649169922,70.71113586425781,69.88042449951172,70.01888275146484
2015-07-17,70.01888275146484,70.15103912353516,69.60352325439453,69.6916275024414
2015-07-20,69.83637237548828,69.8615493774414,68.91755676269531,69.52800750732422
2015-07-21,65.67023468017578,66.0478286743164,64.05286407470703,64.63813781738281
2015-07-22,64.35494232177734,64.5059814453125,63.49276351928711,63.908119201660156
2015-07-23,64.30459594726562,64.3108901977539,63.39836502075195,63.65009307861328
2015-07-24,63.561988830566406,63.68156051635742,62.46696090698242,62.49842834472656
2015-07-27,62.16488265991211,62.64317321777344,61.91315460205078,62.22152328491211
2015-07-28,62.32221603393555,62.47954559326172,61.68659591674805,62.284454345703125
2015-07-29,62.3599739074707,62.6683464050293,61.415985107421875,62.52989196777344
2015-07-30,62.54248046875,63.74449157714844,62.3033332824707,63.39207077026367
2015-07-31,63.51164245605469,63.870357513427734,63.08999252319336,63.12775421142578
2015-08-03,63.12775421142578,63.12775421142578,61.787288665771484,62.56765365600586
2015-08-04,62.951541900634766,63.008182525634766,62.24669647216797,62.32221603393555
2015-08-05,62.913780212402344,63.01447677612305,62.13341522216797,62.22152328491211
2015-08-06,62.29704284667969,62.43549346923828,61.90056610107422,62.290748596191406
2015-08-07,62.12712478637695,62.29704284667969,61.674007415771484,61.85651397705078
2015-08-10,62.20893478393555,62.80050277709961,62.20893478393555,62.64946365356445
2015-08-11,62.101951599121094,62.23411178588867,61.674007415771484,62.057899475097656
2015-08-12,61.2020149230957,62.20264434814453,60.82441711425781,62.108245849609375
2015-08-13,62.01384353637695,62.3033332824707,61.711769104003906,61.91315460205078
2015-08-14,61.74323654174805,62.22781753540039,61.66771697998047,62.11453628540039
2015-08-17,61.755821228027344,62.57394790649414,61.42856979370117,62.52989196777344
2015-08-18,62.278160095214844,62.945247650146484,62.278160095214844,62.56135940551758
2015-08-19,62.11453628540039,62.53618621826172,61.59219741821289,61.80616760253906
2015-08-20,61.359344482421875,61.768409729003906,60.30207824707031,60.30207824707031
2015-08-21,59.76085662841797,59.92448043823242,58.47703170776367,58.533668518066406
2015-08-24,55.802391052246094,58.646949768066406,54.858402252197266,57.18690872192383
2015-08-25,58.75393295288086,58.99937057495117,55.814979553222656,55.88420486450195
2015-08-26,57.073631286621094,57.70295715332031,55.89049530029297,57.62114334106445
2015-08-27,58.22529983520508,58.82945251464844,57.61485290527344,58.69729232788086
2015-08-28,58.43297576904297,58.873504638671875,58.319698333740234,58.67841339111328
2015-08-31,57.400882720947266,58.288230895996094,56.97923278808594,57.652610778808594
2015-09-01,56.31843948364258,57.06733703613281,56.186279296875,56.46318435668945
2015-09-02,57.23096466064453,57.43234634399414,56.62051773071289,57.419761657714844
2015-09-03,57.898048400878906,58.263057708740234,57.67149353027344,57.84141159057617
2015-09-04,57.15544509887695,57.363121032714844,56.86595153808594,57.06733703613281
2015-09-08,57.99244689941406,58.50220489501953,57.86658477783203,58.41409683227539
2015-09-09,58.936439514160156,59.05601119995117,57.73442459106445,57.80364990234375
2015-09-10,57.923221588134766,57.954689025878906,57.19949722290039,57.52045440673828
2015-09-11,57.394588470458984,58.11201858520508,57.26872253417969,58.10572814941406
2015-09-14,58.08684539794922,58.17495346069336,57.51416015625,57.79106521606445
2015-09-15,58.288230895996094,58.59660339355469,57.948394775390625,58.325992584228516
2015-09-16,58.351165771484375,59.225929260253906,58.325992584228516,59.11894226074219
2015-09-17,59.08747482299805,59.73568344116211,58.615482330322266,58.72246551513672
2015-09-18,58.15607452392578,58.2756462097168,56.972938537597656,57.312774658203125
2015-09-21,57.47639846801758,58.005035400390625,57.26872253417969,57.61485290527344
2015-09-22,55.99748229980469,56.450599670410156,55.166770935058594,55.50660705566406
2015-09-23,55.47514343261719,55.61988830566406,54.05915832519531,54.72624206542969
2015-09-24,53.964759826660156,54.74512481689453,53.80742645263672,54.63813781738281
2015-09-25,55.147891998291016,55.487728118896484,54.58149719238281,54.94021224975586
2015-09-28,54.49968338012695,55.04719924926758,54.30459213256836,54.64442825317383
2015-09-29,54.487098693847656,55.431087493896484,54.41157913208008,55.36815643310547
2015-09-30,55.783512115478516,56.3687858581543,55.431087493896484,56.00377655029297
2015-10-01,55.94713592529297,56.28068161010742,55.084957122802734,55.6072998046875
2015-10-02,55.05978775024414,56.57017135620117,54.63813781738281,56.494651794433594
2015-10-05,56.91630172729492,58.20012664794922,56.77784729003906,58.06167221069336
2015-10-06,57.99244689941406,58.43297576904297,57.90434265136719,58.244178771972656
2015-10-07,59.156700134277344,59.25739669799805,58.25676345825195,58.848331451416016
2015-10-08,58.43927001953125,59.40214157104492,58.42668151855469,59.3643798828125
2015-10-09,59.57835006713867,60.37759780883789,59.477657318115234,60.01887893676758
2015-10-12,59.748268127441406,60.08181381225586,59.540592193603516,60.056640625
2015-10-13,59.26368713378906,59.62869644165039,58.930145263671875,59.33291244506836
2015-10-14,59.326622009277344,59.69792175292969,57.74700927734375,58.005035400390625
2015-10-15,58.344871520996094,58.672119140625,57.99244689941406,58.640655517578125
2015-10-16,59.156700134277344,59.251102447509766,58.294525146484375,58.527374267578125
2015-10-19,58.212711334228516,58.43297576904297,57.400882720947266,57.92951583862305
2015-10-20,59.3643798828125,61.47891616821289,58.577720642089844,60.176212310791016
2015-10-21,60.5663948059082,62.101951599121094,60.427940368652344,61.655128479003906
2015-10-22,61.85651397705078,63.07740783691406,61.736942291259766,62.80050277709961
2015-10-23,63.22215270996094,63.49905776977539,63.04594039916992,63.322845458984375
2015-10-26,63.322845458984375,63.549400329589844,62.93266296386719,63.07740783691406
2015-10-27,62.80679702758789,62.913780212402344,62.12083053588867,62.22781753540039
2015-10-28,62.53618621826172,62.630584716796875,61.7809944152832,62.50471878051758
2015-10-29,62.45437240600586,62.687225341796875,61.82504653930664,62.334800720214844
2015-10-30,62.32221603393555,62.4166145324707,61.8376350402832,61.93203353881836
2015-11-02,62.19005584716797,62.6683464050293,61.89427185058594,62.54877471923828
2015-11-03,62.54248046875,63.14663314819336,62.17747116088867,62.93266296386719
2015-11-04,63.19697952270508,63.587162017822266,62.93266296386719,63.14033889770508
2015-11-05,63.20327377319336,63.555694580078125,62.75645065307617,63.43612289428711
2015-11-06,62.95783615112305,63.43612289428711,62.48583984375,63.43612289428711
2015-11-09,63.31025695800781,63.46129608154297,62.43549346923828,62.718692779541016
2015-11-10,62.19635009765625,62.56765365600586,61.64254379272461,62.101951599121094
2015-11-11,62.32850646972656,62.5550651550293,61.71806335449219,61.8376350402832
2015-11-12,61.20830535888672,62.76274490356445,60.96916198730469,62.44178771972656
2015-11-13,62.12712478637695,62.70610427856445,60.66079330444336,60.717430114746094
2015-11-16,60.76777648925781,61.58590316772461,60.65449905395508,61.56702423095703
2015-11-17,61.7809944152832,61.86280822753906,61.29641342163086,61.390811920166016
2015-11-18,61.441158294677734,61.58590316772461,60.94398880004883,61.49150466918945
2015-11-19,61.655128479003906,62.23411178588867,61.56702423095703,61.86280822753906
2015-11-20,62.076778411865234,62.64946365356445,61.762115478515625,61.812461853027344
2015-11-23,61.787288665771484,62.03901672363281,61.60478210449219,61.730648040771484
2015-11-24,61.40339660644531,61.59849166870117,60.7048454284668,61.271240234375
2015-11-25,61.30270767211914,61.705474853515625,61.2020149230957,61.214599609375
2015-11-27,61.05097579956055,61.151668548583984,60.755191802978516,60.91881561279297
2015-11-30,61.08244323730469,61.2020149230957,60.37759780883789,60.44682312011719
2015-12-01,60.440528869628906,61.327880859375,60.427940368652344,60.85588455200195
2015-12-02,60.7048454284668,60.93769836425781,59.86783981323242,59.943359375
2015-12-03,59.97482681274414,60.28948974609375,59.40843200683594,59.597232818603516
2015-12-04,59.77973556518555,60.811832427978516,59.65386962890625,60.24543762207031
2015-12-07,60.176212310791016,60.57268524169922,60.01887893676758,60.35871505737305
2015-12-08,59.773441314697266,59.98741149902344,59.09376907348633,59.301448822021484
2015-12-09,58.89238357543945,60.151039123535156,58.6595344543457,59.25739669799805
2015-12-10,59.20075607299805,59.57835006713867,57.665199279785156,59.07489013671875
2015-12-11,58.533668518066406,59.55317687988281,58.48332214355469,58.7161750793457
2015-12-14,58.7161750793457,58.88609313964844,58.0239143371582,58.54625701904297
2015-12-15,58.955318450927734,59.572059631347656,58.672119140625,58.691001892089844
2015-12-16,59.137821197509766,60.056640625,58.80427932739258,59.86783981323242
2015-12-17,59.86783981323242,60.24543762207031,59.05601119995117,59.07489013671875
2015-12-18,58.72246551513672,59.3643798828125,58.11201858520508,58.11201858520508
2015-12-21,58.53996276855469,59.08747482299805,58.33228302001953,58.9112663269043
2015-12-22,59.3517951965332,60.04405212402344,59.156700134277344,59.70421600341797
2015-12-23,60.10069274902344,60.79295349121094,60.056640625,60.60415267944336
2015-12-24,60.34613037109375,60.74260330200195,60.33354187011719,60.60415267944336
2015-12-28,60.402767181396484,60.61044692993164,60.226558685302734,60.47199630737305
2015-12-29,60.837005615234375,61.52926254272461,60.6356201171875,61.214599609375
2015-12-30,60.99433517456055,61.359344482421875,60.74260330200195,60.98175048828125
2015-12-31,60.673377990722656,60.843299865722656,60.23284912109375,60.459407806396484
2016-01-04,59.43989944458008,60.18879699707031,59.13153076171875,60.144744873046875
2016-01-05,59.8741340637207,60.41535568237305,59.66016387939453,60.23914337158203
2016-01-06,59.09376907348633,59.559471130371094,58.237884521484375,58.6028938293457
2016-01-07,57.56450653076172,58.74763870239258,57.53933334350586,57.83511734008789
2016-01-08,57.627437591552734,57.82252883911133,56.77784729003906,56.8911247253418
2016-01-11,57.32536315917969,57.52045440673828,56.58905029296875,56.95405960083008
2016-01-12,57.262428283691406,57.363121032714844,56.43171691894531,56.95405960083008
2016-01-13,57.0610466003418,57.0610466003418,55.63876724243164,55.90308380126953
2016-01-14,56.0604133605957,56.37508010864258,55.29263687133789,56.016361236572266
2016-01-15,54.74512481689453,55.41850280761719,53.78854751586914,53.88924026489258
2016-01-19,54.34235382080078,54.34235382080078,53.15922164916992,53.643802642822266
2016-01-20,53.14033889770508,53.85777282714844,52.47954559326172,53.38577651977539
2016-01-21,53.38577651977539,54.619258880615234,53.20327377319336,53.851478576660156
2016-01-22,54.71995162963867,54.99055862426758,54.04656982421875,54.34235382080078
2016-01-25,54.10950469970703,54.216487884521484,53.297672271728516,53.42982864379883
2016-01-26,53.67526626586914,54.41787338256836,53.62491989135742,53.901824951171875
2016-01-27,53.933292388916016,55.110130310058594,53.33543014526367,54.00251770019531
2016-01-28,54.31088638305664,54.877281188964844,54.07174301147461,54.4052848815918
2016-01-29,54.66960525512695,55.18564987182617,54.60037612915039,55.18564987182617
2016-02-01,54.78917694091797,55.28004837036133,54.4052848815918,55.10383987426758
2016-02-02,54.22907638549805,54.58149719238281,53.54310989379883,53.757080078125
2016-02-03,54.11579513549805,54.35493850708008,53.04594039916992,54.09691619873047
2016-02-04,54.17873001098633,55.82756423950195,54.140968322753906,55.456260681152344
2016-02-05,55.405914306640625,55.701698303222656,55.0283203125,55.28004837036133
2016-02-08,54.96538543701172,55.00314712524414,54.008811950683594,54.61296463012695
2016-02-09,54.28571319580078,55.23599624633789,54.07803726196289,54.9024543762207
2016-02-10,54.97797393798828,55.6639404296875,54.587791442871094,54.72624206542969
2016-02-11,53.73820114135742,54.46821975708008,52.76903533935547,53.27879333496094
2016-02-12,53.48646926879883,54.20390319824219,53.42982864379883,54.09062194824219
2016-02-16,54.96538543701172,55.066078186035156,53.845184326171875,54.42416763305664
2016-02-17,54.568912506103516,55.68911361694336,54.52485656738281,55.456260681152344
2016-02-18,55.726871490478516,56.035240173339844,55.4814338684082,55.6072998046875
2016-02-19,55.60100555419922,56.00377655029297,55.01573181152344,55.525489807128906
2016-02-22,56.129642486572266,59.72938919067383,55.92825698852539,58.13090133666992
2016-02-23,58.04279327392578,58.16865921020508,56.9477653503418,57.64631652832031
2016-02-24,57.337947845458984,59.251102447509766,57.337947845458984,58.9112663269043
2016-02-25,59.10006332397461,62.13341522216797,58.955318450927734,61.71806335449219
2016-02-26,63.0648193359375,63.27879333496094,60.730018615722656,61.47891616821289
2016-02-29,61.31529235839844,62.22152328491211,60.73631286621094,60.805538177490234
2016-03-01,58.036502838134766,59.8174934387207,57.942100524902344,59.8174934387207
2016-03-02,59.63499069213867,60.41535568237305,59.40843200683594,60.119571685791016
2016-03-03,59.911895751953125,60.5097541809082,59.830081939697266,60.484580993652344
2016-03-04,60.522342681884766,61.23347854614258,60.27690505981445,61.044681549072266
2016-03-07,60.7614860534668,61.334171295166016,60.44682312011719,60.99433517456055
2016-03-08,60.50345993041992,61.353050231933594,60.497169494628906,60.98175048828125
2016-03-09,61.24606704711914,61.34675979614258,60.66708755493164,60.79295349121094
2016-03-10,60.79295349121094,61.120201110839844,59.8174934387207,60.52863311767578
2016-03-11,61.157962799072266,61.45374298095703,60.71113967895508,60.887351989746094
2016-03-14,60.60415267944336,61.27753448486328,60.59785842895508,60.93769836425781
2016-03-15,60.4531135559082,60.85588455200195,60.33983612060547,60.59785842895508
2016-03-16,60.541221618652344,61.674007415771484,60.41535568237305,61.353050231933594
2016-03-17,61.56072998046875,62.4732551574707,61.29011917114258,62.20264434814453
2016-03-18,62.43549346923828,63.11516571044922,62.19005584716797,62.334800720214844
2016-03-21,62.35368347167969,62.680931091308594,62.17117691040039,62.41032028198242
2016-03-22,62.101951599121094,62.4732551574707,61.86909866333008,62.08936309814453
2016-03-23,62.15858840942383,62.599117279052734,61.8502197265625,62.372562408447266
2016-03-24,61.768409729003906,62.35368347167969,61.674007415771484,62.341094970703125
2016-03-28,62.278160095214844,62.48583984375,62.083072662353516,62.24669647216797
2016-03-29,61.93203353881836,63.13404846191406,61.7243537902832,63.008182525634766
2016-03-30,63.44871139526367,63.561988830566406,62.869728088378906,63.08999252319336
2016-03-31,62.983009338378906,63.19697952270508,62.29704284667969,62.9955940246582
2016-04-01,62.54877471923828,63.22215270996094,62.19005584716797,62.913780212402344
2016-04-04,63.1214599609375,63.67526626586914,62.80679702758789,63.10258102416992
2016-04-05,62.77532958984375,63.15292739868164,62.51730728149414,62.84455490112305
2016-04-06,62.67463684082031,63.272499084472656,61.93832778930664,63.16551208496094
2016-04-07,62.869728088378906,63.820011138916016,62.72498321533203,63.49276351928711
2016-04-08,63.83889389038086,64.41158294677734,63.53681564331055,63.76337432861328
2016-04-11,63.926998138427734,64.7765884399414,63.6312141418457,64.2794189453125
2016-04-12,64.37381744384766,65.12271881103516,64.37381744384766,64.87098693847656
2016-04-13,65.21711730957031,65.92196655273438,65.20452880859375,65.83385467529297
2016-04-14,66.07929229736328,66.34990692138672,63.71931838989258,65.87791442871094
2016-04-15,65.7457504272461,66.17998504638672,65.5821304321289,65.80868530273438
2016-04-18,65.84644317626953,66.29326629638672,65.4688491821289,66.1611099243164
2016-04-19,66.45689392089844,66.89112854003906,65.77092742919922,66.07929229736328
2016-04-20,66.34361267089844,66.77784729003906,66.20516204833984,66.412841796875
2016-04-21,66.43171691894531,66.6834487915039,66.23662567138672,66.34990692138672
2016-04-22,66.53870391845703,66.9037094116211,66.03524017333984,66.51982116699219
2016-04-25,66.19886779785156,66.20516204833984,65.62618255615234,66.20516204833984
2016-04-26,66.36249542236328,66.56387329101562,65.21082305908203,65.95343017578125
2016-04-27,66.91000366210938,67.38200378417969,66.00377655029297,66.63939666748047
2016-04-28,66.17369079589844,66.45059967041016,65.25487518310547,65.59471130371094
2016-04-29,65.15418243408203,66.04153442382812,65.15418243408203,65.68281555175781
2016-05-02,65.38074493408203,66.01636505126953,65.16047668457031,65.68281555175781
2016-05-03,65.1101303100586,65.36815643310547,64.10950469970703,64.27312469482422
2016-05-04,63.80742645263672,64.05286407470703,63.07740783691406,63.354312896728516
2016-05-05,63.637508392333984,63.70673370361328,62.87602233886719,63.11516571044922
2016-05-06,63.09628677368164,63.74449157714844,62.81309127807617,63.637508392333984
2016-05-09,63.14033889770508,63.79484176635742,62.920074462890625,62.98929977416992
2016-05-10,63.1214599609375,64.45563507080078,63.058528900146484,64.29200744628906
2016-05-11,64.53744506835938,64.61925506591797,63.83889389038086,63.9395866394043
2016-05-12,64.05286407470703,64.36752319335938,63.65638732910156,63.851478576660156
2016-05-13,63.71302795410156,64.01510620117188,62.90748977661133,63.10258102416992
2016-05-16,62.96412658691406,64.24166107177734,62.96412658691406,64.07803344726562
2016-05-17,63.97734451293945,64.15355682373047,62.76903533935547,62.970420837402344
2016-05-18,62.58653259277344,63.2473258972168,62.17117691040039,62.48583984375
2016-05-19,62.09565734863281,62.26557540893555,61.63624954223633,61.994964599609375
2016-05-20,62.397735595703125,62.86343765258789,62.09565734863281,62.366268157958984
2016-05-23,62.27186965942383,62.347389221191406,61.84392547607422,62.24040222167969
2016-05-24,62.6117057800293,63.15922164916992,62.56765365600586,62.87602233886719
2016-05-25,63.11516571044922,63.524227142333984,63.11516571044922,63.13404846191406
2016-05-26,63.209564208984375,63.561988830566406,63.11516571044922,63.1906852722168
2016-05-27,63.241031646728516,63.41724395751953,62.98929977416992,63.41094970703125
2016-05-31,63.41724395751953,63.6878547668457,63.15292739868164,63.297672271728516
2016-06-01,62.98929977416992,63.2473258972168,62.14600372314453,63.15292739868164
2016-06-02,63.08999252319336,63.44241714477539,62.976715087890625,63.42982864379883
2016-06-03,63.40465545654297,63.42353820800781,62.86343765258789,63.20327377319336
2016-06-06,63.39836502075195,63.92070388793945,63.25362014770508,63.78854751586914
2016-06-07,64.05286407470703,64.44304656982422,63.845184326171875,63.845184326171875
2016-06-08,63.845184326171875,64.26683044433594,63.80113220214844,64.23536682128906
2016-06-09,63.92070388793945,64.41158294677734,63.870357513427734,64.3927001953125
2016-06-10,63.908119201660156,64.43675231933594,63.69414520263672,64.19131469726562
2016-06-13,64.17872619628906,64.44304656982422,63.68156051635742,63.69414520263672
2016-06-14,63.69414520263672,64.13467407226562,63.25362014770508,63.68156051635742
2016-06-15,63.876651763916016,64.0276870727539,63.272499084472656,63.272499084472656
2016-06-16,63.11516571044922,63.901824951171875,62.52360153198242,63.637508392333984
2016-06-17,63.46759033203125,63.99622344970703,63.14033889770508,63.6878547668457
2016-06-20,64.20390319824219,64.73253631591797,63.97734451293945,64.00251770019531
2016-06-21,64.18502044677734,64.2542495727539,63.813720703125,63.92070388793945
2016-06-22,64.04656982421875,64.17243194580078,63.62491989135742,63.78225326538086
2016-06-23,64.5059814453125,64.5059814453125,64.02140045166016,64.39899444580078
2016-06-24,62.56765365600586,63.1906852722168,62.15229797363281,62.23411178588867
2016-06-27,61.674007415771484,61.80616760253906,60.97545623779297,61.176841735839844
2016-06-28,61.768409729003906,62.37885665893555,61.62995529174805,62.32221603393555
2016-06-29,62.920074462890625,63.373191833496094,62.59282684326172,63.22844696044922
2016-06-30,63.48017501831055,64.55003356933594,63.291378021240234,64.53744506835938
2016-07-01,64.49339294433594,65.56954193115234,64.40528869628906,64.65072631835938
2016-07-05,64.2542495727539,64.40528869628906,63.0648193359375,63.322845458984375
2016-07-06,63.27879333496094,63.870357513427734,62.49842834472656,63.80113220214844
2016-07-07,63.895530700683594,64.2794189453125,63.79484176635742,64.17243194580078
2016-07-08,64.76399993896484,65.28634643554688,64.55003356933594,65.23600006103516
2016-07-11,65.23600006103516,65.75833892822266,65.19823455810547,65.42479705810547
2016-07-12,65.59471130371094,66.11705780029297,65.50660705566406,65.76463317871094
2016-07-13,66.12334442138672,66.21145629882812,65.82127380371094,66.13593292236328
2016-07-14,66.69603729248047,66.70233154296875,66.04153442382812,66.16740417480469
2016-07-15,66.299560546875,66.48835754394531,65.99748229980469,66.39395904541016
2016-07-18,66.3813705444336,66.66456604003906,66.00377655029297,66.38766479492188
2016-07-19,66.07300567626953,66.67086029052734,66.01007080078125,66.46947479248047
2016-07-20,66.51353454589844,66.88483428955078,66.43171691894531,66.73379516601562
2016-07-21,66.94147491455078,67.17432403564453,66.46318054199219,66.61421966552734
2016-07-22,65.9345474243164,66.20516204833984,65.76463317871094,66.1611099243164
2016-07-25,66.11076354980469,66.20516204833984,65.71428680419922,65.8590316772461
2016-07-26,67.36312103271484,67.94210052490234,67.02328491210938,67.8980484008789
2016-07-27,68.00503540039062,68.27564239501953,67.64002227783203,67.77218627929688
2016-07-28,67.77218627929688,67.96098327636719,67.40087890625,67.70295715332031
2016-07-29,67.6526107788086,68.01762390136719,67.45751953125,67.74700927734375
2016-08-01,67.62744140625,67.74700927734375,67.02328491210938,67.30018615722656
2016-08-02,67.0169906616211,67.16802978515625,66.63939666748047,66.8785400390625
2016-08-03,66.8785400390625,67.03587341308594,66.72120666503906,66.89112854003906
2016-08-04,67.05474853515625,67.38200378417969,66.91000366210938,66.9351806640625
2016-08-05,67.24354553222656,67.80364990234375,67.13656616210938,67.80364990234375
2016-08-08,67.80364990234375,68.18124389648438,67.64631652832031,67.83511352539062
2016-08-09,67.97357177734375,68.21900939941406,67.88545989990234,68.18124389648438
2016-08-10,68.25676727294922,68.28193664550781,67.82881927490234,68.04279327392578
2016-08-11,68.28193664550781,68.77910614013672,68.25676727294922,68.70987701416016
2016-08-12,68.60918426513672,68.70987701416016,68.31340789794922,68.51478576660156
2016-08-15,68.7035903930664,69.11894226074219,68.7035903930664,69.03083801269531
2016-08-16,68.728759765625,68.98678588867188,68.59660339355469,68.69729614257812
2016-08-17,68.31340789794922,68.60289764404297,68.0931396484375,68.55884552001953
2016-08-18,68.62806701660156,68.86091613769531,68.50220489501953,68.80427551269531
2016-08-19,68.60289764404297,68.86091613769531,68.5336685180664,68.68470764160156
2016-08-22,68.29452514648438,68.5903091430664,68.05538177490234,68.28193664550781
2016-08-23,68.59660339355469,68.81686401367188,67.96727752685547,67.96727752685547
2016-08-24,67.9798583984375,68.16866302490234,67.71554565429688,67.94210052490234
2016-08-25,67.80994415283203,68.05538177490234,67.5959701538086,67.79106140136719
2016-08-26,67.92951202392578,68.1497802734375,67.30018615722656,67.53304290771484
2016-08-29,67.70295715332031,68.06167602539062,67.60855865478516,67.94839477539062
2016-08-30,67.88545989990234,68.04279327392578,67.45751953125,67.55821228027344
2016-08-31,67.33165740966797,67.45751953125,66.92888641357422,66.97923278808594
2016-09-01,67.17432403564453,67.3190689086914,66.51982116699219,67.16173553466797
2016-09-02,67.45751953125,67.79106140136719,67.01069641113281,67.29389953613281
2016-09-06,67.33795166015625,67.64631652832031,66.3813705444336,66.71491241455078
2016-09-07,66.53240966796875,66.89112854003906,66.26180267333984,66.61421966552734
2016-09-08,66.46318054199219,66.80931091308594,66.40654754638672,66.5512924194336
2016-09-09,66.07929229736328,66.14222717285156,64.61296081542969,64.61925506591797
2016-09-12,64.31718444824219,65.67023468017578,64.12208557128906,65.4688491821289
2016-09-13,64.86469268798828,65.04090881347656,64.2227783203125,64.3927001953125
2016-09-14,64.3108901977539,64.73253631591797,63.83889389038086,63.97734451293945
2016-09-15,63.83889389038086,64.76399993896484,63.72561264038086,64.63813781738281
2016-09-16,64.55003356933594,64.55003356933594,62.83826446533203,62.9955940246582
2016-09-19,63.2473258972168,63.67526626586914,63.07740783691406,63.209564208984375
2016-09-20,63.41724395751953,63.876651763916016,63.08369827270508,63.08369827270508
2016-09-21,63.34172439575195,64.24166107177734,63.22844696044922,64.16614532470703
2016-09-22,64.65072631835938,65.12271881103516,64.58149719238281,64.82064056396484
2016-09-23,64.2542495727539,64.82064056396484,64.13467407226562,64.54373931884766
2016-09-26,64.29200744628906,64.79547119140625,64.05286407470703,64.3360595703125
2016-09-27,64.24166107177734,64.65072631835938,64.05286407470703,64.41158294677734
2016-09-28,64.61925506591797,64.73883056640625,63.983638763427734,64.41158294677734
2016-09-29,64.68218994140625,64.68218994140625,63.48646926879883,63.59974670410156
2016-09-30,63.8263053894043,64.21019744873047,63.59974670410156,63.9395866394043
2016-10-03,63.9395866394043,64.61296081542969,63.74449157714844,64.46192932128906
2016-10-04,64.55003356933594,64.7010726928711,63.75078582763672,63.83259963989258
2016-10-05,64.00251770019531,64.39899444580078,63.83259963989258,64.34864807128906
2016-10-06,64.26054382324219,64.32976531982422,63.78854751586914,64.24166107177734
2016-10-07,63.53681564331055,63.56828308105469,62.81309127807617,63.297672271728516
2016-10-10,63.033355712890625,63.580867767333984,62.70610427856445,62.920074462890625
2016-10-11,62.64946365356445,62.85084915161133,61.963497161865234,62.15858840942383
2016-10-12,62.18376159667969,62.46066665649414,62.01384353637695,62.259281158447266
2016-10-13,61.92573928833008,62.98929977416992,61.768409729003906,62.83826446533203
2016-10-14,63.19697952270508,63.42982864379883,62.976715087890625,63.033355712890625
2016-10-17,63.01447677612305,63.209564208984375,62.712398529052734,62.75015640258789
2016-10-18,63.241031646728516,63.297672271728516,62.73127746582031,62.926368713378906
2016-10-19,63.09628677368164,63.20327377319336,62.76903533935547,62.78162384033203
2016-10-20,62.77532958984375,63.04594039916992,62.4732551574707,62.48583984375
2016-10-21,61.91315460205078,62.16488265991211,61.43486404418945,62.09565734863281
2016-10-24,62.51730728149414,62.84455490112305,62.35368347167969,62.630584716796875
2016-10-25,63.6312141418457,64.2542495727539,63.22215270996094,63.78854751586914
2016-10-26,63.561988830566406,64.07803344726562,63.40465545654297,63.56828308105469
2016-10-27,63.86406326293945,63.952171325683594,62.926368713378906,62.976715087890625
2016-10-28,63.259910583496094,64.2794189453125,63.259910583496094,64.09062194824219
2016-10-31,64.1976089477539,64.56890869140625,64.12837982177734,64.31718444824219
2016-11-01,64.4493408203125,64.77029418945312,63.75078582763672,64.1976089477539
2016-11-02,64.09691619873047,64.54373931884766,63.662681579589844,63.901824951171875
2016-11-03,64.0654525756836,64.13467407226562,63.38577651977539,63.59345626831055
2016-11-04,63.71302795410156,64.04656982421875,63.39836502075195,63.7696647644043
2016-11-07,64.80176544189453,65.03461456298828,64.51227569580078,64.85210418701172
2016-11-08,64.96538543701172,65.39962005615234,64.58149719238281,65.0534896850586
2016-11-09,63.618629455566406,66.26180267333984,63.618629455566406,65.95972442626953
2016-11-10,66.31843566894531,68.25676727294922,66.29326629638672,68.22529602050781
2016-11-11,67.90434265136719,68.54625701904297,67.33795166015625,68.50849914550781
2016-11-14,68.86091613769531,68.86091613769531,67.79735565185547,67.87916564941406
2016-11-15,67.87287902832031,67.9798583984375,67.12397766113281,67.7658920288086
2016-11-16,67.09880065917969,67.57709503173828,66.92888641357422,67.31277465820312
2016-11-17,67.35682678222656,67.61485290527344,67.09251403808594,67.1491470336914
2016-11-18,67.12397766113281,67.31277465820312,66.94147491455078,67.02328491210938
2016-11-21,67.24354553222656,67.3757095336914,66.84078216552734,67.24354553222656
2016-11-22,67.47010803222656,67.54562377929688,67.25613403320312,67.30018615722656
2016-11-23,67.57080078125,68.14348602294922,67.57080078125,68.0364990234375
2016-11-25,68.36375427246094,68.72246551513672,68.1497802734375,68.4581527709961
2016-11-28,68.28193664550781,68.58401489257812,68.1497802734375,68.25047302246094
2016-11-29,68.38892364501953,68.87350463867188,68.37633514404297,68.49591064453125
2016-11-30,68.615478515625,69.2259292602539,67.79106140136719,67.79106140136719
2016-12-01,67.96727752685547,68.07426452636719,67.38200378417969,67.64002227783203
2016-12-02,67.99244689941406,68.32598876953125,67.64002227783203,68.10572814941406
2016-12-05,68.4203872680664,68.47073364257812,67.56450653076172,67.60226440429688
2016-12-06,67.52674865722656,67.77848052978516,67.38829803466797,67.60855865478516
2016-12-07,67.6526107788086,69.12523651123047,67.38829803466797,69.02454376220703
2016-12-08,69.01824951171875,69.02454376220703,68.05538177490234,68.23788452148438
2016-12-09,68.30711364746094,69.21963500976562,68.00503540039062,69.0937728881836
2016-12-12,68.86091613769531,69.54058837890625,68.46443939208984,69.47136688232422
2016-12-13,69.77973937988281,70.28948974609375,69.3895492553711,69.4210205078125
2016-12-14,69.4461898803711,69.5028305053711,68.65324401855469,68.76651763916016
2016-12-15,68.62177276611328,68.8672103881836,68.04279327392578,68.04908752441406
2016-12-16,68.22529602050781,68.76022338867188,68.02391052246094,68.29452514648438
2016-12-19,68.95531463623047,69.89930725097656,68.52108001708984,69.74197387695312
2016-12-20,69.81120300292969,69.85525512695312,69.32032775878906,69.63499450683594
2016-12-21,69.81749725341797,69.93706512451172,69.52171325683594,69.5343017578125
2016-12-22,69.59093475341797,69.70421600341797,69.03083801269531,69.51541900634766
2016-12-23,69.4461898803711,69.7482681274414,69.2510986328125,69.63499450683594
2016-12-27,69.88042449951172,69.93706512451172,69.54058837890625,69.84266662597656
2016-12-28,69.85525512695312,69.91189575195312,69.28886413574219,69.34549713134766
2016-12-29,69.40213775634766,69.74197387695312,69.24480438232422,69.57205963134766
2016-12-30,69.59722900390625,69.72309875488281,68.83574676513672,68.98678588867188
2017-01-03,69.47136688232422,69.83008575439453,69.2259292602539,69.7482681274414
2017-01-04,70.14474487304688,70.29578399658203,69.59093475341797,69.79232025146484
2017-01-05,69.96224212646484,70.44682312011719,69.57835388183594,70.07551574707031
2017-01-06,70.11957550048828,71.00691986083984,69.89301300048828,70.8307113647461
2017-01-09,70.92510986328125,70.92510986328125,70.0251693725586,70.16991424560547
2017-01-10,70.3272476196289,70.37759399414062,69.89301300048828,70.01888275146484
2017-01-11,70.24543762207031,70.24543762207031,69.59093475341797,69.85525512695312
2017-01-12,69.943359375,69.943359375,69.04342651367188,69.74197387695312
2017-01-13,69.81120300292969,70.01888275146484,69.13153076171875,69.3643798828125
2017-01-17,69.08747863769531,69.39584350585938,68.84833526611328,69.20704650878906
2017-01-18,69.35179138183594,69.78602600097656,69.1126480102539,69.49024200439453
2017-01-19,69.87413787841797,70.23284912109375,69.23851776123047,69.68533325195312
2017-01-20,69.82379150390625,69.9181900024414,69.24480438232422,69.72309875488281
2017-01-23,69.75456237792969,70.04405212402344,69.21334075927734,69.43989562988281
2017-01-24,69.65386962890625,70.28948974609375,69.43989562988281,70.23914337158203
2017-01-25,70.40277099609375,70.80553436279297,68.4581527709961,69.83008575439453
2017-01-26,69.7293930053711,70.16362762451172,68.93014526367188,69.45248413085938
2017-01-27,69.32032775878906,69.79232025146484,68.9804916381836,69.0371322631836
2017-01-30,68.79169464111328,68.97419738769531,68.12460327148438,68.7035903930664
2017-01-31,68.62177276611328,69.10635375976562,68.21271514892578,69.01824951171875
2017-02-01,68.99308013916016,69.1692886352539,67.90434265136719,68.08055114746094
2017-02-02,68.01762390136719,68.39521789550781,67.24354553222656,68.19383239746094
2017-02-03,68.30081939697266,69.08747863769531,68.28193664550781,69.00566101074219
2017-02-06,69.10635375976562,70.01258850097656,69.02454376220703,69.65386962890625
2017-02-07,70.09439849853516,70.31466674804688,69.83637237548828,70.01258850097656
2017-02-08,69.91189575195312,69.91189575195312,69.4461898803711,69.4776611328125
2017-02-09,69.4776611328125,69.67904663085938,69.2259292602539,69.2825698852539
2017-02-10,69.38326263427734,70.01888275146484,69.27627563476562,69.88671875
2017-02-13,70.23914337158203,70.54751586914062,70.11957550048828,70.4971694946289
2017-02-14,70.47828674316406,70.68596649169922,70.1384506225586,70.21397399902344
2017-02-15,69.93706512451172,70.53492736816406,69.89301300048828,70.42794036865234
2017-02-16,70.57268524169922,70.6922607421875,70.36500549316406,70.52863311767578
2017-02-17,70.4405288696289,70.6922607421875,70.23914337158203,70.5789794921875
2017-02-21,70.60415649414062,70.98804473876953,70.50975799560547,70.79924774169922
2017-02-22,70.70484924316406,70.93140411376953,70.3083724975586,70.89994049072266
2017-02-23,70.92510986328125,71.03839111328125,70.4656982421875,70.54122161865234
2017-02-24,70.37129974365234,70.91881561279297,70.3272476196289,70.7740707397461
2017-02-27,70.85588073730469,71.09503173828125,70.50346374511719,70.99433898925781
2017-02-28,71.09503173828125,71.23348236083984,70.69855499267578,70.8307113647461
2017-03-01,71.51667785644531,72.0201416015625,71.40339660644531,71.5418472290039
2017-03-02,71.63624572753906,71.7684097290039,70.88105773925781,70.91881561279297
2017-03-03,70.91881561279297,71.384521484375,70.59156799316406,70.69855499267578
2017-03-06,70.37759399414062,70.67337799072266,70.1950912475586,70.2706069946289
2017-03-07,70.39647674560547,70.74260711669922,70.16991424560547,70.6607894897461
2017-03-08,70.78665924072266,70.89994049072266,70.26432037353516,70.3272476196289
2017-03-09,70.40277099609375,70.69855499267578,67.36941528320312,70.4405288696289
2017-03-10,70.73001861572266,70.84959411621094,70.03775787353516,70.57268524169922
2017-03-13,70.83700561523438,70.9439926147461,70.45941162109375,70.67967224121094
2017-03-14,70.40906524658203,70.59156799316406,70.20138549804688,70.37759399414062
2017-03-15,70.56010437011719,71.30270385742188,70.40277099609375,71.16425323486328
2017-03-16,70.96916198730469,71.25235748291016,70.45311737060547,70.69855499267578
2017-03-17,70.91252136230469,71.7117691040039,70.65450286865234,71.39710235595703
2017-03-20,71.36563873291016,71.7935791015625,71.00691986083984,71.43486785888672
2017-03-21,71.52926635742188,71.83763122558594,70.47199249267578,70.58527374267578
2017-03-22,70.7174301147461,70.7489013671875,70.11957550048828,70.4405288696289
2017-03-23,70.4405288696289,70.76777648925781,70.20767974853516,70.3838882446289
2017-03-24,70.47199249267578,70.6607894897461,70.06293487548828,70.35871887207031
2017-03-27,69.90560150146484,70.4405288696289,69.50912475585938,70.37759399414062
2017-03-28,70.11328125,71.20830535888672,70.056640625,70.95027923583984
2017-03-29,70.8307113647461,70.8307113647461,70.42794036865234,70.5223388671875
2017-03-30,70.45941162109375,70.89994049072266,70.39018249511719,70.76777648925781
2017-03-31,70.79924774169922,70.88105773925781,70.39018249511719,70.61673736572266
2017-04-03,70.6607894897461,70.78665924072266,70.00629425048828,70.4405288696289
2017-04-04,70.65450286865234,71.271240234375,70.6356201171875,71.10761260986328
2017-04-05,71.20201110839844,71.98237609863281,70.76777648925781,70.79924774169922
2017-04-06,70.84329986572266,71.06985473632812,70.60415649414062,70.74260711669922
2017-04-07,70.88105773925781,71.24606323242188,70.62932586669922,71.10761260986328
2017-04-10,71.10761260986328,71.58589935302734,70.91252136230469,71.03839111328125
2017-04-11,70.79924774169922,71.22089385986328,70.64191436767578,71.20201110839844
2017-04-12,70.97545623779297,71.00062561035156,70.57268524169922,70.6356201171875
2017-04-13,70.51604461669922,70.92510986328125,70.37129974365234,70.54122161865234
2017-04-17,70.81812286376953,71.29012298583984,70.67337799072266,71.28382873535156
2017-04-18,71.08244323730469,71.5418472290039,71.00062561035156,71.4663314819336
2017-04-19,71.7117691040039,71.9068603515625,70.93140411376953,71.06356048583984
2017-04-20,71.08873748779297,71.93832397460938,70.99433898925781,71.70547485351562
2017-04-21,71.74323272705078,72.54877471923828,71.74323272705078,72.36626434326172
2017-04-24,72.99559783935547,73.3731918334961,72.83197021484375,73.2032699584961
2017-04-25,73.48017883300781,73.82630920410156,73.2599105834961,73.54940032958984
2017-04-26,73.84518432617188,75.04719543457031,73.32284545898438,74.38640594482422
2017-04-27,74.48709869384766,75.03461456298828,74.32347106933594,74.75141906738281
2017-04-28,75.00943756103516,75.27375793457031,74.63184356689453,74.88357543945312
2017-05-01,74.9150390625,75.33039855957031,74.68218994140625,74.83952331542969
2017-05-02,74.8583984375,75.21082305908203,74.73253631591797,75.09125518798828
2017-05-03,75.07866668701172,75.80868530273438,74.8898696899414,75.70799255371094
2017-05-04,75.9156723022461,76.14852142333984,75.61359405517578,76.14852142333984
2017-05-05,75.65135192871094,76.43171691894531,75.59471130371094,76.36878204345703
2017-05-08,76.3813705444336,76.4946517944336,76.07929229736328,76.19886779785156
2017-05-09,76.4380111694336,76.74638366699219,76.21145629882812,76.4380111694336
2017-05-10,76.25550842285156,76.356201171875,75.59471130371094,76.1611099243164
2017-05-11,75.73316955566406,76.38766479492188,75.37445068359375,76.3247299194336
2017-05-12,76.15481567382812,76.2680892944336,75.92826080322266,76.04153442382812
2017-05-15,76.02265930175781,76.33102416992188,75.94084167480469,76.09817504882812
2017-05-16,76.20516204833984,76.45059967041016,76.01636505126953,76.40025329589844
2017-05-17,75.98489379882812,75.98489379882812,75.15418243408203,75.25487518310547
2017-05-18,75.20452880859375,75.50660705566406,74.23536682128906,75.12271881103516
2017-05-19,75.36186218261719,76.36878204345703,75.1416015625,76.24921417236328
2017-05-22,76.50094604492188,76.80931091308594,76.43171691894531,76.56387329101562
2017-05-23,76.56387329101562,77.07992553710938,76.54499816894531,76.8218994140625
2017-05-24,76.84078216552734,77.30648040771484,76.6834487915039,76.82819366455078
2017-05-25,77.04845428466797,77.16173553466797,76.80302429199219,76.9351806640625
2017-05-26,76.97293853759766,77.05474853515625,76.51353454589844,76.6834487915039
2017-05-30,76.65198516845703,76.73379516601562,76.23662567138672,76.31843566894531
2017-05-31,76.50094604492188,76.51353454589844,76.14852142333984,76.3247299194336
2017-06-01,76.27438354492188,76.87224578857422,76.19886779785156,76.64569091796875
2017-06-02,76.8218994140625,77.31277465820312,76.59534454345703,76.8533706665039
2017-06-05,76.94776916503906,76.99811553955078,76.1044692993164,76.13593292236328
2017-06-06,75.75204467773438,76.04153442382812,75.30522155761719,75.59471130371094
2017-06-07,75.9156723022461,75.94713592529297,75.12271881103516,75.38074493408203
2017-06-08,75.38074493408203,75.84014892578125,74.94021606445312,75.48143768310547
2017-06-09,75.62618255615234,76.03524017333984,75.40591430664062,75.92196655273438
2017-06-12,75.67652893066406,75.86532592773438,75.1101303100586,75.44367218017578
2017-06-13,75.47514343261719,75.61988830566406,75.26116943359375,75.55695343017578
2017-06-14,75.55695343017578,75.7772216796875,75.26746368408203,75.5254898071289
2017-06-15,75.4122085571289,76.09817504882812,75.38703918457031,75.9911880493164
2017-06-16,76.2177505493164,76.60163879394531,75.68281555175781,75.78980255126953
2017-06-19,76.29326629638672,76.94147491455078,76.14852142333984,76.6834487915039
2017-06-20,76.50094604492188,77.10509490966797,76.44430541992188,76.46947479248047
2017-06-21,76.75896453857422,76.9037094116211,76.45689392089844,76.62051391601562
2017-06-22,76.67086029052734,77.38200378417969,76.66456604003906,76.88483428955078
2017-06-23,76.78414154052734,77.05474853515625,76.45689392089844,76.91629791259766
2017-06-26,77.03587341308594,77.46381378173828,76.65827941894531,76.69603729248047
2017-06-27,76.72750091552734,76.86595153808594,76.46947479248047,76.51982116699219
2017-06-28,76.8218994140625,77.15544128417969,76.58275604248047,77.09251403808594
2017-06-29,77.04216766357422,77.06733703613281,75.90937805175781,76.55758666992188
2017-06-30,76.78414154052734,77.18061828613281,76.53870391845703,76.84707641601562
2017-07-03,77.16173553466797,77.50157165527344,76.81560516357422,76.82819366455078
2017-07-05,77.01069641113281,77.41346740722656,76.88483428955078,77.27501678466797
2017-07-06,77.1302719116211,77.40717315673828,76.70233154296875,76.70862579345703
2017-07-07,76.95405578613281,77.34423828125,76.80302429199219,77.16173553466797
2017-07-10,77.23725891113281,77.87287902832031,76.99811553955078,77.44493103027344
2017-07-11,77.50786590576172,77.83511352539062,77.00440216064453,77.74700927734375
2017-07-12,78.04908752441406,78.5336685180664,77.8225326538086,77.85399627685547
2017-07-13,77.82881927490234,77.86658477783203,77.30648040771484,77.45122528076172
2017-07-14,77.68407440185547,77.80994415283203,77.27501678466797,77.66519927978516
2017-07-17,77.86658477783203,77.86658477783203,77.40087890625,77.47640228271484
2017-07-18,77.29389953613281,77.3757095336914,76.73379516601562,77.17432403564453
2017-07-19,77.43864440917969,77.55191802978516,77.12397766113281,77.45751953125
2017-07-20,77.3190689086914,77.58967590332031,76.97293853759766,77.06104278564453
2017-07-21,76.9603500366211,77.72183990478516,76.68974304199219,77.71554565429688
2017-07-24,77.71554565429688,77.87916564941406,77.30648040771484,77.4889907836914
2017-07-25,76.71491241455078,76.77784729003906,75.51290130615234,75.78350830078125
2017-07-26,75.78350830078125,75.87791442871094,75.07237243652344,75.22970581054688
2017-07-27,75.12271881103516,75.15418243408203,74.16614532470703,74.69477844238281
2017-07-28,74.75770568847656,75.17306518554688,74.44304656982422,74.80805206298828
2017-07-31,74.99056243896484,75.10383605957031,74.53744506835938,74.61925506591797
2017-08-01,74.8898696899414,75.04719543457031,74.48709869384766,74.81434631347656
2017-08-02,74.76399993896484,75.76463317871094,74.67589569091797,75.73945617675781
2017-08-03,75.75833892822266,76.2177505493164,75.43109130859375,76.21145629882812
2017-08-04,76.28697204589844,76.56387329101562,75.92826080322266,76.45689392089844
2017-08-07,75.0849609375,75.36186218261719,74.17243194580078,74.5877914428711
2017-08-08,74.54373931884766,74.88357543945312,74.26683044433594,74.38011169433594
2017-08-09,74.61925506591797,74.73883056640625,73.65009307861328,73.757080078125
2017-08-10,73.5619888305664,73.813720703125,73.05852508544922,73.48017883300781
2017-08-11,73.63121795654297,74.10950469970703,73.22215270996094,73.5619888305664
2017-08-14,73.82001495361328,73.97734069824219,73.59345245361328,73.72561645507812
2017-08-15,73.70673370361328,73.70673370361328,72.81938171386719,72.97671508789062
2017-08-16,72.95154571533203,74.32347106933594,72.88861083984375,74.26054382324219
2017-08-17,74.12208557128906,74.12208557128906,73.05223083496094,73.0648193359375
2017-08-18,73.02706146240234,73.17180633544922,72.59282684326172,72.67463684082031
2017-08-21,72.76274108886719,72.8130874633789,72.17118072509766,72.54877471923828
2017-08-22,72.7375717163086,72.89490509033203,72.39144134521484,72.80679321289062
2017-08-23,72.63058471679688,74.80805206298828,72.32850646972656,73.65009307861328
2017-08-24,73.76337432861328,73.76337432861328,72.34109497070312,72.56135559082031
2017-08-25,72.86343383789062,73.05852508544922,72.38514709472656,72.41661071777344
2017-08-28,72.55506896972656,72.86343383789062,72.49213409423828,72.58023834228516
2017-08-29,72.41032409667969,74.72624206542969,72.0201416015625,74.7010726928711
2017-08-30,74.8583984375,75.43109130859375,74.45563507080078,75.26746368408203
2017-08-31,75.28634643554688,75.63876342773438,74.77029418945312,75.34297943115234
2017-09-01,75.3555679321289,75.61988830566406,74.14726257324219,74.21019744873047
2017-09-05,72.74386596679688,72.93895721435547,69.93706512451172,69.98741149902344
2017-09-06,69.85525512695312,69.91189575195312,68.65953063964844,68.9804916381836
2017-09-07,68.9804916381836,69.26998138427734,68.65953063964844,69.21334075927734
2017-09-08,69.29515075683594,69.43989562988281,68.81686401367188,68.94273376464844
2017-09-11,69.23222351074219,69.68533325195312,68.77281188964844,68.99937438964844
2017-09-12,69.26998138427734,69.4210205078125,69.0371322631836,69.13782501220703
2017-09-13,69.32032775878906,69.52171325683594,69.10635375976562,69.40213775634766
2017-09-14,69.39584350585938,71.29012298583984,69.28886413574219,71.20201110839844
2017-09-15,71.57331848144531,71.69288635253906,70.9439926147461,71.16425323486328
2017-09-18,71.36563873291016,71.51667785644531,70.89364624023438,70.96916198730469
2017-09-19,71.11390686035156,71.5229721069336,70.9628677368164,71.5229721069336
2017-09-20,71.25865173339844,71.88797760009766,71.25235748291016,71.80616760253906
2017-09-21,71.85651397705078,72.26557922363281,71.47262573242188,72.05789947509766
2017-09-22,72.00755310058594,72.44808197021484,71.8250503540039,72.37885284423828
2017-09-25,72.32221221923828,72.37255859375,71.56072998046875,71.92573547363281
2017-09-26,72.10824584960938,72.37885284423828,71.88797760009766,72.19635009765625
2017-09-27,72.28445434570312,73.92070770263672,72.27186584472656,73.74449157714844
2017-09-28,73.62492370605469,73.65638732910156,72.61170196533203,72.90119934082031
2017-09-29,72.57394409179688,73.08370208740234,72.05160522460938,73.05223083496094
2017-10-02,73.08999633789062,74.04027557373047,72.96412658691406,73.99622344970703
2017-10-03,74.26054382324219,74.26054382324219,73.80742645263672,74.07803344726562
2017-10-04,74.17872619628906,74.39899444580078,73.95846557617188,74.0276870727539
2017-10-05,74.0276870727539,74.46821594238281,73.90811920166016,74.36752319335938
2017-10-06,74.1976089477539,74.43675231933594,74.0088119506836,74.40528869628906
2017-10-09,74.44304656982422,74.81434631347656,74.31718444824219,74.65702056884766
2017-10-10,74.6444320678711,74.7765884399414,74.10321044921875,74.3360595703125
2017-10-11,74.45563507080078,74.63813781738281,73.90182495117188,74.10321044921875
2017-10-12,74.05286407470703,74.84581756591797,74.0276870727539,74.7765884399414
2017-10-13,74.93392181396484,75.48772430419922,74.71365356445312,74.71365356445312
2017-10-16,74.78917694091797,75.20452880859375,74.51227569580078,74.89616394042969
2017-10-17,74.65702056884766,75.12271881103516,74.37381744384766,75.11642456054688
2017-10-18,75.20452880859375,75.20452880859375,74.63813781738281,75.00314331054688
2017-10-19,74.95280456542969,75.2234115600586,74.39899444580078,75.19823455810547
2017-10-20,75.4940185546875,76.1044692993164,75.36815643310547,76.1044692993164
2017-10-23,75.99748229980469,76.26180267333984,75.81497955322266,76.07929229736328
2017-10-24,75.48772430419922,77.58338928222656,74.8583984375,75.3555679321289
2017-10-25,75.3366928100586,75.70169830322266,74.80805206298828,74.88357543945312
2017-10-26,75.17306518554688,75.56324768066406,74.8898696899414,75.47514343261719
2017-10-27,75.2800521850586,75.48772430419922,74.86469268798828,74.93392181396484
2017-10-30,75.14789581298828,75.85273742675781,74.79547119140625,75.4122085571289
2017-10-31,75.54436492919922,75.67023468017578,75.20452880859375,75.36815643310547
2017-11-01,75.86532592773438,76.14852142333984,75.47514343261719,75.59471130371094
2017-11-02,75.57583618164062,76.46947479248047,75.3366928100586,76.4380111694336
2017-11-03,76.62051391601562,76.62051391601562,75.75833892822266,76.19257354736328
2017-11-06,76.31214904785156,76.4380111694336,75.75204467773438,75.76463317871094
2017-11-07,75.94084167480469,76.4380111694336,75.75833892822266,75.9911880493164
2017-11-08,75.84644317626953,76.14222717285156,75.5254898071289,75.69540405273438
2017-11-09,75.69540405273438,75.73945617675781,74.31718444824219,74.49339294433594
2017-11-10,74.26054382324219,74.56261444091797,74.26054382324219,74.32976531982422
2017-11-13,74.22907257080078,74.26054382324219,73.58087158203125,73.6752700805664
2017-11-14,73.6752700805664,74.90245056152344,73.63121795654297,74.76399993896484
2017-11-15,74.43045806884766,74.49968719482422,73.36689758300781,73.98992919921875
2017-11-16,73.82001495361328,74.3927001953125,73.69414520263672,74.19131469726562
2017-11-17,73.93958282470703,74.0276870727539,73.30396270751953,73.33543395996094
2017-11-20,73.52423095703125,73.74449157714844,73.19068908691406,73.24103546142578
2017-11-21,73.29766845703125,74.0276870727539,73.29766845703125,73.65638732910156
2017-11-22,73.63121795654297,73.75078582763672,73.34801483154297,73.46129608154297
2017-11-24,73.63121795654297,73.7319107055664,73.22215270996094,73.57457733154297
2017-11-27,73.51793670654297,73.76966857910156,73.27879333496094,73.70673370361328
2017-11-28,73.91441345214844,74.27312469482422,73.56828308105469,74.07803344726562
2017-11-29,74.15985107421875,74.55003356933594,74.05286407470703,74.36123657226562
2017-11-30,74.84581756591797,76.62051391601562,74.6444320678711,76.43171691894531
2017-12-01,76.56387329101562,76.74638366699219,74.75770568847656,75.59471130371094
2017-12-04,76.26180267333984,76.73379516601562,75.53178405761719,75.54436492919922
2017-12-05,76.77155303955078,77.11138916015625,75.64505767822266,75.70169830322266
2017-12-06,76.24921417236328,76.40025329589844,75.75204467773438,76.27438354492188
2017-12-07,76.34990692138672,77.30018615722656,76.186279296875,77.02957916259766
2017-12-08,77.02957916259766,77.46381378173828,76.94147491455078,77.28760528564453
2017-12-11,77.36312103271484,77.74071502685547,77.09251403808594,77.5959701538086
2017-12-12,77.74071502685547,78.13719177246094,77.38829803466797,77.7092514038086
2017-12-13,77.72183990478516,78.48332214355469,77.58338928222656,78.22529602050781
2017-12-14,78.35746002197266,78.58401489257812,77.65890502929688,77.88545989990234
2017-12-15,78.53996276855469,79.57205963134766,78.13719177246094,79.40213775634766
2017-12-18,79.76085662841797,80.26432037353516,79.46507263183594,79.74197387695312
2017-12-19,80.056640625,80.056640625,79.06230163574219,79.78602600097656
2017-12-20,80.15733337402344,80.48458099365234,79.4776611328125,79.92448425292969
2017-12-21,80.0818099975586,80.27690124511719,79.83008575439453,80.11957550048828
2017-12-22,80.2517318725586,80.30207824707031,79.89301300048828,80.06922912597656
2017-12-26,80.20767974853516,80.51604461669922,79.9181900024414,80.01258850097656
2017-12-27,80.21397399902344,80.3083724975586,79.87413787841797,80.28948974609375
2017-12-28,80.3838882446289,80.6607894897461,80.10698699951172,80.62932586669922
2017-12-29,80.75519561767578,80.86217498779297,80.28319549560547,80.28319549560547
2018-01-02,80.49087524414062,81.10761260986328,80.03146362304688,80.65450286865234
2018-01-03,81.49150085449219,81.93832397460938,81.384521484375,81.83763122558594
2018-01-04,82.32850646972656,82.35997772216797,81.93832397460938,82.09565734863281
2018-01-05,82.50472259521484,83.29766845703125,82.1019515991211,82.80050659179688
2018-01-08,85.07866668701172,85.45626068115234,83.19697570800781,83.587158203125
2018-01-09,83.90182495117188,84.61925506591797,83.71932220458984,84.49968719482422
2018-01-10,84.40528869628906,85.26746368408203,84.17243194580078,84.89616394042969
2018-01-11,84.80176544189453,85.75204467773438,84.80176544189453,84.95280456542969
2018-01-12,85.34297943115234,85.95343017578125,85.10383605957031,85.95343017578125
2018-01-16,86.67715454101562,86.67715454101562,84.24795532226562,84.3108901977539
2018-01-17,84.74512481689453,84.92762756347656,83.66897583007812,84.59408569335938
2018-01-18,84.67589569091797,85.37445068359375,84.55632781982422,84.71365356445312
2018-01-19,84.99685668945312,85.5254898071289,84.63813781738281,85.5254898071289
2018-01-22,84.94021606445312,85.25487518310547,84.07803344726562,85.09125518798828
2018-01-23,85.47514343261719,85.89049530029297,84.6444320678711,85.6072998046875
2018-01-24,84.9716796875,87.08621978759766,84.34235382080078,85.38703918457031
2018-01-25,86.11076354980469,87.02957916259766,85.59471130371094,86.68974304199219
2018-01-26,86.95405578613281,87.16173553466797,86.01636505126953,86.83448791503906
2018-01-29,86.8785400390625,87.62744140625,85.90937805175781,86.01007080078125
2018-01-30,85.58841705322266,86.242919921875,85.15418243408203,85.90308380126953
2018-01-31,86.29326629638672,87.04845428466797,85.9345474243164,86.8533706665039
2018-02-01,86.21145629882812,87.47640228271484,85.9156723022461,87.04845428466797
2018-02-02,86.4946517944336,86.80931091308594,84.58149719238281,84.71365356445312
2018-02-05,84.00251770019531,84.4178695678711,79.23222351074219,80.07551574707031
2018-02-06,78.13719177246094,81.69288635253906,77.56450653076172,81.69288635253906
2018-02-07,81.42857360839844,83.91441345214844,81.22089385986328,83.05223083496094
2018-02-08,82.97671508789062,83.29766845703125,80.15733337402344,80.22655487060547
2018-02-09,81.27753448486328,81.83763122558594,76.91000366210938,78.68470764160156
2018-02-12,77.45122528076172,80.88105773925781,77.40717315673828,80.16362762451172
2018-02-13,79.52171325683594,79.89930725097656,78.6469497680664,79.15040588378906
2018-02-14,78.65324401855469,79.79861450195312,78.00503540039062,79.73567962646484
2018-02-15,80.54751586914062,81.83763122558594,80.42164611816406,81.81246185302734
2018-02-16,81.77470397949219,82.44808197021484,81.1327896118164,81.34675598144531
2018-02-20,81.02580261230469,81.3530502319336,79.21963500976562,79.58464050292969
2018-02-21,79.75456237792969,82.57394409179688,79.59722900390625,81.34675598144531
2018-02-22,82.31592559814453,84.7010726928711,82.31592559814453,84.0654525756836
2018-02-23,84.69477844238281,84.90874481201172,82.6809310913086,83.79483795166016
2018-02-26,84.21649169921875,85.36186218261719,84.17872619628906,85.25487518310547
2018-02-27,85.36186218261719,85.73945617675781,84.2542495727539,84.27312469482422
2018-02-28,84.40528869628906,87.16173553466797,84.32976531982422,84.79547119140625
2018-03-01,85.0849609375,85.39962005615234,81.67401123046875,82.00125885009766
2018-03-02,81.32158660888672,82.00125885009766,80.73631286621094,81.77470397949219
2018-03-05,81.384521484375,83.32284545898438,80.56639099121094,82.88861083984375
2018-03-06,83.19697570800781,83.30396270751953,82.01384735107422,82.82567596435547
2018-03-07,81.72435760498047,82.61170196533203,81.62995910644531,82.39773559570312
2018-03-08,82.91378021240234,83.12775421142578,81.5796127319336,82.60541534423828
2018-03-09,82.95154571533203,84.4493408203125,82.76274108886719,84.37381744384766
2018-03-12,84.77029418945312,84.77029418945312,82.50472259521484,82.75645446777344
2018-03-13,83.3731918334961,83.3920669555664,81.51038360595703,81.9068603515625
2018-03-14,82.12712097167969,82.43549346923828,80.64820861816406,81.54814147949219
2018-03-15,81.91315460205078,82.17118072509766,80.47199249267578,81.34046936035156
2018-03-16,81.32158660888672,81.7117691040039,80.41535949707031,80.76148223876953
2018-03-19,80.5538101196289,81.14537048339844,79.37696838378906,80.05034637451172
2018-03-20,80.0818099975586,80.97545623779297,79.81120300292969,80.0251693725586
2018-03-21,80.00629425048828,80.86846923828125,79.52171325683594,79.92448425292969
2018-03-22,79.33291625976562,79.88671875,77.98615264892578,78.08055114746094
2018-03-23,78.15607452392578,78.74764251708984,76.86595153808594,76.97293853759766
2018-03-26,77.99874114990234,79.84266662597656,77.68407440185547,79.69792175292969
2018-03-27,79.83637237548828,80.66708374023438,78.2630615234375,78.842041015625
2018-03-28,79.24480438232422,79.31403350830078,78.02391052246094,78.31969451904297
2018-03-29,78.60289764404297,79.70421600341797,78.28193664550781,79.18187713623047
2018-04-02,79.07489013671875,79.30144500732422,76.28067779541016,77.7092514038086
2018-04-03,77.77848052978516,78.69100189208984,77.19949340820312,78.60918426513672
2018-04-04,76.22403717041016,79.2259292602539,75.9345474243164,79.15040588378906
2018-04-05,79.57835388183594,79.6727523803711,78.64065551757812,79.14411926269531
2018-04-06,78.4015121459961,79.13153076171875,76.91000366210938,77.25613403320312
2018-04-09,77.94210052490234,78.28193664550781,76.84078216552734,76.91629791259766
2018-04-10,78.06167602539062,78.23788452148438,76.98552703857422,77.38200378417969
2018-04-11,76.94776916503906,77.5959701538086,76.70862579345703,77.06104278564453
2018-04-12,77.4323501586914,77.94839477539062,77.27501678466797,77.56450653076172
2018-04-13,77.90434265136719,78.0364990234375,76.6834487915039,77.22467041015625
2018-04-16,77.97357177734375,78.05538177490234,77.30648040771484,77.91693115234375
2018-04-17,78.48961639404297,79.26368713378906,78.13089752197266,78.37004089355469
2018-04-18,78.93014526367188,78.94273376464844,78.14348602294922,78.53996276855469
2018-04-19,78.48332214355469,79.02454376220703,77.50157165527344,77.94210052490234
2018-04-20,78.58401489257812,78.58401489257812,77.09251403808594,77.45751953125
2018-04-23,77.48269653320312,77.72813415527344,77.09251403808594,77.69666290283203
2018-04-24,79.60981750488281,80.11957550048828,76.02265930175781,76.84078216552734
2018-04-25,76.9351806640625,77.40717315673828,75.12271881103516,76.43171691894531
2018-04-26,76.46318054199219,78.18753814697266,76.03524017333984,77.29389953613281
2018-04-27,76.9603500366211,77.24983978271484,76.15481567382812,77.06733703613281
2018-04-30,77.11138916015625,77.27501678466797,75.61359405517578,75.61359405517578
2018-05-01,75.51919555664062,75.68281555175781,73.65638732910156,74.86469268798828
2018-05-02,74.86469268798828,75.39332580566406,74.37381744384766,74.57520294189453
2018-05-03,73.95846557617188,74.60037994384766,72.6242904663086,74.07173919677734
2018-05-04,73.90182495117188,75.61359405517578,73.41724395751953,75.21082305908203
2018-05-07,75.37445068359375,76.44430541992188,75.31151580810547,76.07929229736328
2018-05-08,76.14852142333984,76.67086029052734,75.94713592529297,76.64569091796875
2018-05-09,77.0736312866211,77.5393295288086,76.65827941894531,77.47640228271484
2018-05-10,77.69666290283203,78.21900939941406,77.40717315673828,78.09943389892578
2018-05-11,77.99244689941406,78.60918426513672,77.74071502685547,78.33857727050781
2018-05-14,78.28193664550781,79.06859588623047,78.21900939941406,78.65324401855469
2018-05-15,78.2315902709961,78.50849914550781,77.69666290283203,78.38262939453125
2018-05-16,78.68470764160156,78.71617126464844,78.10572814941406,78.52737426757812
2018-05-17,78.3448715209961,78.67841339111328,77.91063690185547,78.4203872680664
2018-05-18,78.40780639648438,78.9238510131836,78.14348602294922,78.785400390625
2018-05-21,79.27627563476562,80.76148223876953,79.27627563476562,80.58527374267578
2018-05-22,80.7174301147461,81.20201110839844,80.3272476196289,80.47199249267578
2018-05-23,79.82379150390625,80.3838882446289,79.35179138183594,80.28948974609375
2018-05-24,80.11328125,80.45941162109375,79.6727523803711,80.17620849609375
2018-05-25,80.20767974853516,80.35242462158203,79.62870025634766,79.943359375
2018-05-29,79.40213775634766,79.66016387939453,78.40780639648438,78.73505401611328
2018-05-30,78.93014526367188,79.70421600341797,78.82945251464844,79.4210205078125
2018-05-31,79.15670013427734,79.24480438232422,78.18124389648438,78.55255126953125
2018-06-01,79.25739288330078,79.64128112792969,78.842041015625,79.17558288574219
2018-06-04,79.54688262939453,80.06922912597656,79.30144500732422,79.4776611328125
2018-06-05,79.31403350830078,79.81749725341797,78.75393676757812,79.26368713378906
2018-06-06,79.65386962890625,79.81120300292969,79.20075225830078,79.81120300292969
2018-06-07,79.81749725341797,80.34613037109375,79.81120300292969,80.28948974609375
2018-06-08,79.88042449951172,80.35871887207031,79.77344512939453,80.3083724975586
2018-06-11,80.2706069946289,80.93769836425781,80.26432037353516,80.6607894897461
2018-06-12,80.9439926147461,81.03209686279297,80.14474487304688,80.45941162109375
2018-06-13,80.51604461669922,80.65450286865234,79.82379150390625,79.88671875
2018-06-14,80.1384506225586,80.39018249511719,79.4776611328125,79.88671875
2018-06-15,79.90560150146484,80.15733337402344,78.9804916381836,79.86784362792969
2018-06-18,79.64128112792969,80.29578399658203,79.34549713134766,80.23284912109375
2018-06-19,79.94965362548828,79.94965362548828,78.49591064453125,78.69729614257812
2018-06-20,78.97419738769531,79.1126480102539,78.4581527709961,78.89238739013672
2018-06-21,78.77910614013672,78.77910614013672,77.52045440673828,77.7092514038086
2018-06-22,78.36375427246094,78.75393676757812,78.10572814941406,78.58401489257812
2018-06-25,77.91063690185547,78.52737426757812,77.67778778076172,78.4203872680664
2018-06-26,78.65953063964844,79.5028305053711,78.14348602294922,79.06859588623047
2018-06-27,79.54058837890625,80.15733337402344,78.25047302246094,78.2630615234375
2018-06-28,78.05538177490234,78.672119140625,77.7092514038086,78.41410064697266
2018-06-29,78.57772064208984,79.57205963134766,78.55255126953125,78.68470764160156
2018-07-02,77.9546890258789,78.69100189208984,77.47010803222656,78.68470764160156
2018-07-03,79.21334075927734,79.90560150146484,78.51478576660156,78.615478515625
2018-07-05,79.24480438232422,79.24480438232422,77.80994415283203,78.63436126708984
2018-07-06,78.57142639160156,79.20075225830078,78.10572814941406,78.91755676269531
2018-07-09,79.30144500732422,79.9181900024414,79.17558288574219,79.72309875488281
2018-07-10,79.82379150390625,80.6607894897461,79.64757537841797,79.96224212646484
2018-07-11,79.18187713623047,79.18187713623047,78.1749496459961,78.5903091430664
2018-07-12,79.26998138427734,80.23284912109375,78.67841339111328,80.14474487304688
2018-07-13,80.2706069946289,81.7117691040039,80.11328125,81.50408935546875
2018-07-16,81.5229721069336,82.00125885009766,81.04468536376953,81.17054748535156
2018-07-17,81.2964096069336,82.44178771972656,81.2964096069336,82.25928497314453
2018-07-18,82.44808197021484,83.47388458251953,82.39144134521484,82.87602233886719
2018-07-19,82.65576171875,82.78791809082031,81.98237609863281,82.03901672363281
2018-07-20,81.7935791015625,82.42919921875,81.7369384765625,81.97608947753906
2018-07-23,81.74323272705078,81.89427185058594,81.101318359375,81.41598510742188
2018-07-24,81.27753448486328,84.53744506835938,80.74260711669922,84.48080444335938
2018-07-25,84.05286407470703,84.9465103149414,83.38578033447266,84.80176544189453
2018-07-26,84.90874481201172,86.00377655029297,84.4178695678711,85.48772430419922
2018-07-27,85.90308380126953,85.90308380126953,84.54373931884766,84.6633071899414
2018-07-30,84.8583984375,84.98426818847656,83.700439453125,83.76337432861328
2018-07-31,84.37381744384766,85.5506591796875,84.32976531982422,85.42479705810547
2018-08-01,84.60667419433594,85.8023910522461,84.60667419433594,84.89616394042969
2018-08-02,84.31718444824219,84.75770568847656,83.93328857421875,84.40528869628906
2018-08-03,84.78288269042969,84.78288269042969,83.83259582519531,84.26054382324219
2018-08-06,84.12837982177734,84.40528869628906,83.61233520507812,84.29200744628906
2018-08-07,84.3927001953125,84.87728118896484,84.13467407226562,84.63813781738281
2018-08-08,84.65072631835938,84.9150390625,84.3927001953125,84.7765884399414
2018-08-09,85.1667709350586,85.95343017578125,84.36123657226562,84.48080444335938
2018-08-10,84.04027557373047,84.17243194580078,83.25361633300781,83.76337432861328
2018-08-13,83.72561645507812,84.0276870727539,82.81938171386719,83.18439483642578
2018-08-14,83.5053482055664,83.700439453125,83.05852508544922,83.33543395996094
2018-08-15,83.07111358642578,83.0962905883789,81.56702423095703,82.91378021240234
2018-08-16,83.3165512084961,84.07173919677734,83.3165512084961,83.8955307006836
2018-08-17,84.15355682373047,84.8332290649414,83.88294219970703,84.60667419433594
2018-08-20,84.93392181396484,85.22970581054688,84.62554931640625,85.04719543457031
2018-08-21,85.21082305908203,85.88420104980469,85.21082305908203,85.57583618164062
2018-08-22,84.99685668945312,85.01573181152344,83.8388900756836,83.85147857666016
2018-08-23,84.02140045166016,84.02140045166016,83.19697570800781,83.46129608154297
2018-08-24,83.45500183105469,83.98992919921875,83.45500183105469,83.92699432373047
2018-08-27,84.49339294433594,85.39962005615234,84.41158294677734,85.18565368652344
2018-08-28,85.58841705322266,85.8023910522461,84.52485656738281,84.6444320678711
2018-08-29,85.03461456298828,85.03461456298828,84.0088119506836,84.09062194824219
2018-08-30,83.8955307006836,84.01510620117188,83.2032699584961,83.44241333007812
2018-08-31,83.1466293334961,83.42353820800781,82.43549346923828,82.88231658935547
2018-09-04,83.0396499633789,83.0396499633789,82.14600372314453,83.0081787109375
2018-09-05,82.75645446777344,83.65638732910156,82.49213409423828,83.5619888305664
2018-09-06,83.86406707763672,84.7010726928711,83.54940032958984,84.0276870727539
2018-09-07,83.7822494506836,83.870361328125,82.41032409667969,83.07740783691406
2018-09-10,83.6186294555664,84.48709869384766,83.6186294555664,84.10950469970703
2018-09-11,84.10321044921875,84.32976531982422,83.17180633544922,84.0843276977539
2018-09-12,83.92699432373047,84.6444320678711,83.813720703125,84.26054382324219
2018-09-13,84.5059814453125,85.30522155761719,84.31718444824219,85.28634643554688
2018-09-14,85.39332580566406,86.82819366455078,85.39332580566406,86.72120666503906
2018-09-17,86.73379516601562,87.35053253173828,86.4946517944336,86.69603729248047
2018-09-18,86.83448791503906,88.31340789794922,86.50724029541016,87.8414077758789
2018-09-19,87.57709503173828,88.65324401855469,87.57080078125,88.4203872680664
2018-09-20,89.0560073852539,89.7482681274414,88.672119140625,89.26998138427734
2018-09-21,90.42164611816406,90.7174301147461,89.23222351074219,89.41472625732422
2018-09-24,89.24480438232422,89.99370574951172,88.0113296508789,88.31969451904297
2018-09-25,88.22529602050781,88.57142639160156,87.72813415527344,87.92322540283203
2018-09-26,87.86029052734375,88.50220489501953,87.39458465576172,87.82881927490234
2018-09-27,88.11202239990234,88.52737426757812,87.28131103515625,87.90434265136719
2018-09-28,87.88545989990234,88.12460327148438,87.55821228027344,87.98615264892578
2018-10-01,88.82945251464844,89.0560073852539,88.26935577392578,88.68470764160156
2018-10-02,88.7035903930664,89.60981750488281,88.4770278930664,89.01824951171875
2018-10-03,89.34549713134766,89.4210205078125,88.60918426513672,88.74764251708984
2018-10-04,88.79798889160156,89.33291625976562,87.67149353027344,88.35116577148438
2018-10-05,88.35116577148438,88.64065551757812,87.23096466064453,87.51416015625
2018-10-08,87.49527740478516,87.87916564941406,86.48835754394531,87.84770202636719
2018-10-09,87.64631652832031,88.07426452636719,85.39332580566406,85.51290130615234
2018-10-10,85.09754943847656,85.17306518554688,82.46695709228516,82.51730346679688
2018-10-11,82.35997772216797,83.41094970703125,80.87476348876953,81.41598510742188
2018-10-12,82.56135559082031,83.13404846191406,80.31466674804688,81.5796127319336
2018-10-15,81.7117691040039,82.76903533935547,81.29012298583984,82.0201416015625
2018-10-16,82.36626434326172,83.4487075805664,81.57331848144531,83.3920669555664
2018-10-17,83.16551208496094,83.46759033203125,81.5229721069336,81.85651397705078
2018-10-18,81.56072998046875,82.29704284667969,80.6104507446289,81.14537048339844
2018-10-19,80.86217498779297,81.71806335449219,80.29578399658203,80.98175048828125
2018-10-22,80.98175048828125,81.17684173583984,79.10635375976562,79.54688262939453
2018-10-23,79.13782501220703,82.46695709228516,78.60918426513672,81.8250503540039
2018-10-24,81.95720672607422,82.6242904663086,76.62051391601562,76.8218994140625
2018-10-25,77.65890502929688,78.96790313720703,77.06104278564453,78.2882308959961
2018-10-26,77.39458465576172,78.69729614257812,76.51353454589844,77.55191802978516
2018-10-29,78.57142639160156,78.95531463623047,75.00943756103516,76.20516204833984
2018-10-30,76.19257354736328,77.28131103515625,75.77092742919922,77.16802978515625
2018-10-31,78.08684539794922,78.94273376464844,77.67778778076172,78.16866302490234
2018-11-01,79.10635375976562,80.51604461669922,78.70987701416016,80.28948974609375
2018-11-02,81.08873748779297,81.5796127319336,79.43360900878906,80.1950912475586
2018-11-05,80.22655487060547,80.47199249267578,79.57835388183594,80.0818099975586
2018-11-06,80.11328125,80.6356201171875,79.71051025390625,80.51604461669922
2018-11-07,81.17684173583984,82.38514709472656,80.5789794921875,82.1585922241211
2018-11-08,82.37885284423828,83.04594421386719,82.0453109741211,82.65576171875
2018-11-09,82.68722534179688,82.70610046386719,81.61737060546875,82.25928497314453
2018-11-12,82.4040298461914,82.4606704711914,80.6104507446289,80.74260711669922
2018-11-13,81.08244323730469,82.26557922363281,80.69855499267578,81.25865173339844
2018-11-14,81.84392547607422,82.24669647216797,80.92510986328125,81.11390686035156
2018-11-15,80.056640625,82.19005584716797,79.70421600341797,81.64253997802734
2018-11-16,81.18313598632812,82.39773559570312,81.04468536376953,81.89427185058594
2018-11-19,81.81246185302734,81.81246185302734,80.15733337402344,80.45941162109375
2018-11-20,80.06922912597656,80.06922912597656,78.45185852050781,79.29515075683594
2018-11-21,79.4776611328125,80.20767974853516,79.0937728881836,79.1126480102539
2018-11-23,78.65953063964844,81.9886703491211,78.5336685180664,81.20830535888672
2018-11-26,81.68030548095703,83.32284545898438,80.37129974365234,80.54122161865234
2018-11-27,77.82881927490234,78.75393676757812,75.03461456298828,77.2057876586914
2018-11-28,77.56450653076172,77.71554565429688,75.56324768066406,77.23725891113281
2018-11-29,77.27501678466797,77.36941528320312,75.56954193115234,76.27438354492188
2018-11-30,75.99748229980469,76.97923278808594,75.54436492919922,76.67715454101562
2018-12-03,77.90434265136719,79.28886413574219,77.57709503173828,77.7847671508789
2018-12-04,77.54562377929688,77.67778778076172,75.07866668701172,76.06671142578125
2018-12-06,75.21082305908203,76.48206329345703,74.54373931884766,76.43171691894531
2018-12-07,76.25550842285156,76.89742279052734,74.9716796875,75.17306518554688
2018-12-10,74.90245056152344,75.92196655273438,73.56828308105469,75.14789581298828
2018-12-11,76.84078216552734,76.85965728759766,74.6633071899414,74.84581756591797
2018-12-12,75.50031280517578,76.41912841796875,75.24229431152344,75.30522155761719
2018-12-13,75.62618255615234,75.76463317871094,74.80805206298828,75.04719543457031
2018-12-14,74.23536682128906,75.17306518554688,73.73819732666016,74.76399993896484
2018-12-17,74.72624206542969,74.81434631347656,72.20893859863281,72.5676498413086
2018-12-18,73.0648193359375,73.90811920166016,72.49213409423828,72.86343383789062
2018-12-19,72.73127746582031,73.870361328125,71.157958984375,71.61737060546875
2018-12-20,71.55443572998047,71.62995910644531,68.52737426757812,68.98678588867188
2018-12-21,69.01824951171875,69.98111724853516,66.74638366699219,66.8218994140625
2018-12-24,66.31214904785156,66.54499816894531,64.15985107421875,64.22907257080078
2018-12-26,64.78288269042969,66.97293853759766,63.234737396240234,66.71491241455078
2018-12-27,64.56890869140625,66.55758666992188,63.97734451293945,66.55758666992188
2018-12-28,66.89742279052734,67.45122528076172,66.03524017333984,66.29326629638672
2018-12-31,66.45689392089844,67.01069641113281,66.23033142089844,67.01069641113281
2019-01-02,66.17998504638672,68.18753814697266,65.60100555419922,68.15607452392578
2019-01-03,67.68407440185547,67.96727752685547,64.96538543701172,65.12271881103516
2019-01-04,65.5254898071289,67.46381378173828,65.1416015625,67.35053253173828
2019-01-07,67.3757095336914,67.5959701538086,66.41912841796875,67.3190689086914
2019-01-08,68.49591064453125,68.87979888916016,67.55821228027344,68.5336685180664
2019-01-09,68.94902801513672,68.99937438964844,68.30711364746094,68.79798889160156
2019-01-10,68.44556427001953,69.56576538085938,68.42668151855469,69.48395538330078
2019-01-11,68.94902801513672,69.21334075927734,68.35746002197266,69.19446563720703
2019-01-14,68.72246551513672,70.15733337402344,68.47073364257812,69.76085662841797
2019-01-15,69.69792175292969,69.99370574951172,68.93643951416016,69.89301300048828
2019-01-16,69.91189575195312,70.22655487060547,69.50912475585938,69.77344512939453
2019-01-17,69.45877838134766,71.42857360839844,69.41472625732422,70.96916198730469
2019-01-18,71.92573547363281,72.18376159667969,71.05097198486328,71.68030548095703
2019-01-22,71.12020111083984,71.214599609375,69.63499450683594,69.89301300048828
2019-01-23,73.82001495361328,75.10383605957031,71.9635009765625,73.65638732910156
2019-01-24,74.10321044921875,75.1101303100586,72.08306884765625,72.72498321533203
2019-01-25,73.21585845947266,73.56828308105469,72.42290496826172,72.88231658935547
2019-01-28,72.49842834472656,72.53618621826172,71.5984878540039,72.42290496826172
2019-01-29,72.73127746582031,74.39899444580078,72.68722534179688,74.15985107421875
2019-01-30,74.63813781738281,75.67652893066406,73.78854370117188,74.96538543701172
2019-01-31,75.24858093261719,75.24858093261719,74.0276870727539,74.30459594726562
2019-02-01,75.26116943359375,75.53807067871094,74.32976531982422,74.87728118896484
2019-02-04,74.88357543945312,75.04719543457031,74.18502044677734,74.97797393798828
2019-02-05,75.40591430664062,76.01636505126953,74.94021606445312,76.00377655029297
2019-02-06,76.06041717529297,76.6079330444336,75.73316955566406,76.37507629394531
2019-02-07,75.7457504272461,76.14222717285156,74.88357543945312,75.9723129272461
2019-02-08,75.70169830322266,77.10509490966797,75.65764617919922,77.08621978759766
2019-02-11,77.34423828125,77.47640228271484,76.46947479248047,77.23096466064453
2019-02-12,77.63373565673828,78.25676727294922,77.22467041015625,78.02391052246094
2019-02-13,78.25676727294922,78.59660339355469,78.1749496459961,78.30081939697266
2019-02-14,77.50157165527344,78.28193664550781,77.22467041015625,78.11831665039062
2019-02-15,79.04342651367188,80.4971694946289,78.68470764160156,80.40277099609375
2019-02-19,80.16362762451172,81.271240234375,79.83637237548828,80.95657348632812
2019-02-20,80.99433898925781,81.58589935302734,80.44682312011719,80.82441711425781
2019-02-21,80.64820861816406,80.92510986328125,79.18817138671875,79.49653625488281
2019-02-22,80.58527374267578,80.7740707397461,79.79861450195312,80.40906524658203
2019-02-25,80.99433898925781,81.25865173339844,80.65450286865234,80.72372436523438
2019-02-26,80.41535949707031,80.83700561523438,79.77973937988281,80.04405212402344
2019-02-27,79.9748306274414,80.14474487304688,79.35808563232422,79.8615493774414
2019-02-28,79.7293930053711,80.13215637207031,79.02454376220703,79.08747863769531
2019-03-01,79.91189575195312,80.14474487304688,78.81686401367188,79.15040588378906
2019-03-04,79.4776611328125,80.17620849609375,78.728759765625,79.13153076171875
2019-03-05,79.06859588623047,79.82379150390625,79.06859588623047,79.25739288330078
2019-03-06,79.40843200683594,79.83637237548828,78.898681640625,78.91126251220703
2019-03-07,78.672119140625,78.72246551513672,77.35682678222656,78.32598876953125
2019-03-08,77.94210052490234,78.12460327148438,76.9603500366211,78.04908752441406
2019-03-11,76.51353454589844,79.41472625732422,76.45059967041016,79.30144500732422
2019-03-12,79.1126480102539,79.86784362792969,78.36375427246094,78.4581527709961
2019-03-13,78.6469497680664,80.10069274902344,78.6469497680664,79.69792175292969
2019-03-14,79.69792175292969,79.88671875,79.1126480102539,79.85525512695312
2019-03-15,80.03146362304688,80.1950912475586,79.23222351074219,79.24480438232422
2019-03-18,79.3643798828125,79.92448425292969,78.99937438964844,79.8615493774414
2019-03-19,80.31466674804688,80.6607894897461,79.23851776123047,79.6161117553711
2019-03-20,79.57205963134766,79.60981750488281,78.37004089355469,78.86091613769531
2019-03-21,78.38262939453125,80.03775787353516,78.24417877197266,79.84896087646484
2019-03-22,79.29515075683594,79.5028305053711,77.69036865234375,78.76022338867188
2019-03-25,78.64065551757812,79.18817138671875,78.40780639648438,78.91755676269531
2019-03-26,79.40843200683594,79.89301300048828,78.7035903930664,79.38326263427734
2019-03-27,79.37067413330078,80.01258850097656,79.06859588623047,79.48395538330078
2019-03-28,79.74197387695312,80.17620849609375,79.41472625732422,80.09439849853516
2019-03-29,80.7174301147461,81.23977661132812,80.22655487060547,81.11390686035156
2019-04-01,81.80616760253906,83.97105407714844,81.80616760253906,83.82001495361328
2019-04-02,83.74449157714844,83.93328857421875,82.78791809082031,83.0081787109375
2019-04-03,83.45500183105469,83.52423095703125,82.19635009765625,82.63687896728516
2019-04-04,82.75645446777344,83.870361328125,82.3473892211914,83.51164245605469
2019-04-05,83.80113220214844,84.20390319824219,83.42353820800781,84.15355682373047
2019-04-08,83.27879333496094,84.09691619873047,82.56135559082031,84.05286407470703
2019-04-09,83.48017883300781,83.643798828125,82.5676498413086,83.22844696044922
2019-04-10,83.25361633300781,83.27879333496094,81.97608947753906,82.85713958740234
2019-04-11,82.9263687133789,83.700439453125,82.74386596679688,83.587158203125
2019-04-12,84.21649169921875,85.16047668457031,84.10950469970703,85.14789581298828
2019-04-15,84.95909118652344,85.12271881103516,84.37381744384766,84.67589569091797
2019-04-16,84.87098693847656,85.18565368652344,84.5877914428711,85.17306518554688
2019-04-17,85.33039855957031,85.7772216796875,84.78917694091797,85.45626068115234
2019-04-18,85.59471130371094,86.68974304199219,85.59471130371094,86.2177505493164
2019-04-22,85.80868530273438,86.51353454589844,85.39332580566406,86.1611099243164
2019-04-23,88.0364990234375,89.59093475341797,87.40087890625,88.11831665039062
2019-04-24,87.8980484008789,88.21271514892578,86.80302429199219,87.84770202636719
2019-04-25,87.31277465820312,88.2630615234375,86.86595153808594,87.93580627441406
2019-04-26,88.10572814941406,88.62806701660156,87.8414077758789,88.59660339355469
2019-04-29,88.73505401611328,89.68533325195312,88.6469497680664,89.43989562988281
2019-04-30,89.64128112792969,89.943359375,89.13153076171875,89.7482681274414
2019-05-01,89.99370574951172,90.87476348876953,89.06230163574219,89.10005950927734
2019-05-02,88.5903091430664,89.02454376220703,87.34423828125,87.9798583984375
2019-05-03,88.76651763916016,89.1692886352539,88.08055114746094,89.13153076171875
2019-05-06,87.34423828125,88.52737426757812,86.78414154052734,88.2315902709961
2019-05-07,87.06104278564453,87.26872253417969,84.75770568847656,85.23600006103516
2019-05-08,85.27375793457031,86.94147491455078,85.17306518554688,86.26180267333984
2019-05-09,85.24858093261719,86.299560546875,84.34235382080078,86.129638671875
2019-05-10,85.10383605957031,86.43171691894531,84.05915832519531,86.3247299194336
2019-05-13,84.34864807128906,84.75141906738281,82.05789947509766,83.04594421386719
2019-05-14,83.07740783691406,84.96538543701172,83.07740783691406,84.31718444824219
2019-05-15,83.57457733154297,84.84581756591797,82.85713958740234,84.31718444824219
2019-05-16,84.35494232177734,85.63247680664062,83.97734069824219,85.11642456054688
2019-05-17,84.41158294677734,85.24858093261719,84.04656982421875,84.17243194580078
2019-05-20,83.80742645263672,84.17872619628906,83.46759033203125,84.00251770019531
2019-05-21,84.89616394042969,85.69540405273438,84.49339294433594,85.6072998046875
2019-05-22,85.18565368652344,85.78980255126953,84.92133331298828,85.21711730957031
2019-05-23,83.39836120605469,84.21649169921875,81.42857360839844,82.09565734863281
2019-05-24,82.2152328491211,82.99559783935547,81.81875610351562,82.69351959228516
2019-05-28,82.83826446533203,83.75078582763672,81.7369384765625,81.76211547851562
2019-05-29,81.30270385742188,81.68030548095703,80.7489013671875,81.47891998291016
2019-05-30,81.5229721069336,82.0201416015625,80.57268524169922,80.80553436279297
2019-05-31,80.09439849853516,80.18250274658203,78.99937438964844,79.48395538330078
2019-06-03,79.57835388183594,80.68596649169922,79.25739288330078,79.83637237548828
2019-06-04,80.7489013671875,81.61737060546875,80.2517318725586,81.41598510742188
2019-06-05,82.12083435058594,82.69351959228516,81.52926635742188,82.66834259033203
2019-06-06,82.73127746582031,83.1781005859375,82.11454010009766,82.86343383789062
2019-06-07,83.14034271240234,83.68156433105469,82.97042083740234,83.16551208496094
2019-06-10,85.27375793457031,85.41850280761719,80.54122161865234,80.56010437011719
2019-06-11,80.6922607421875,80.73631286621094,76.89112854003906,77.36941528320312
2019-06-12,78.0679702758789,78.9238510131836,77.79106140136719,78.08055114746094
2019-06-13,78.50220489501953,78.6469497680664,77.35682678222656,78.54625701904297
2019-06-14,79.3643798828125,79.60981750488281,78.615478515625,78.85462951660156
2019-06-17,79.11894226074219,79.27627563476562,77.47640228271484,78.18124389648438
2019-06-18,78.7035903930664,79.91189575195312,78.7035903930664,79.68533325195312
2019-06-19,79.98741149902344,80.16991424560547,79.49653625488281,79.77344512939453
2019-06-20,80.74260711669922,81.95091247558594,80.47199249267578,81.83133697509766
2019-06-21,81.69288635253906,82.35368347167969,80.91881561279297,81.02580261230469
2019-06-24,81.88797760009766,82.43549346923828,81.49779510498047,81.92573547363281
2019-06-25,81.9320297241211,82.35368347167969,80.99433898925781,81.19572448730469
2019-06-26,81.20830535888672,81.59219360351562,80.37759399414062,80.40277099609375
2019-06-27,80.68596649169922,81.30270385742188,80.40277099609375,81.16425323486328
2019-06-28,81.22089385986328,82.18376159667969,80.64820861816406,81.93832397460938
2019-07-01,82.55506896972656,83.1214599609375,82.34109497070312,82.65576171875
2019-07-02,82.84455871582031,83.2599105834961,82.59282684326172,83.04594421386719
2019-07-03,83.35430908203125,83.74449157714844,82.88861083984375,83.700439453125
2019-07-05,83.54310607910156,83.54310607910156,82.3473892211914,83.41094970703125
2019-07-08,82.99559783935547,83.11516571044922,81.9886703491211,82.35997772216797
2019-07-09,81.87539672851562,82.14600372314453,81.14537048339844,82.05789947509766
2019-07-10,82.44178771972656,83.2347412109375,81.9320297241211,82.09565734863281
2019-07-11,82.08936309814453,82.93895721435547,81.85651397705078,82.65576171875
2019-07-12,83.01447296142578,84.21019744873047,82.88861083984375,84.15355682373047
2019-07-15,83.86406707763672,84.2227783203125,83.62492370605469,83.84518432617188
2019-07-16,83.92070770263672,84.12837982177734,83.51793670654297,83.82001495361328
2019-07-17,83.73819732666016,83.85777282714844,81.85651397705078,81.87539672851562
2019-07-18,81.7369384765625,82.66204833984375,81.66142272949219,82.63058471679688
2019-07-19,82.84455871582031,83.62492370605469,82.39773559570312,83.3165512084961
2019-07-22,83.25361633300781,83.82001495361328,82.78791809082031,83.66897583007812
2019-07-23,85.78980255126953,85.90308380126953,83.07740783691406,84.92133331298828
2019-07-24,84.56890869140625,86.13593292236328,84.3108901977539,84.48709869384766
2019-07-25,84.90874481201172,87.04216766357422,84.89616394042969,85.81497955322266
2019-07-26,85.4688491821289,86.01636505126953,85.1416015625,85.3555679321289
2019-07-29,85.31151580810547,85.82127380371094,85.19823455810547,85.4122085571289
2019-07-30,85.19823455810547,85.4122085571289,84.60667419433594,85.14789581298828
2019-07-31,85.11642456054688,85.6072998046875,83.700439453125,84.07803344726562
2019-08-01,83.8955307006836,85.2800521850586,82.85713958740234,82.97042083740234
2019-08-02,82.71239471435547,82.98930358886719,81.44115447998047,82.32221221923828
2019-08-05,81.08244323730469,81.13908386230469,78.49591064453125,79.13782501220703
2019-08-06,78.9804916381836,81.22089385986328,78.9804916381836,81.05726623535156
2019-08-07,80.0,81.88797760009766,78.75393676757812,81.1894302368164
2019-08-08,81.54814147949219,82.87602233886719,81.54814147949219,82.74386596679688
2019-08-09,82.69351959228516,83.08370208740234,81.51667785644531,82.59282684326172
2019-08-12,81.71806335449219,81.95720672607422,80.25802612304688,80.56639099121094
2019-08-13,80.4656982421875,82.25928497314453,80.36500549316406,81.15166473388672
2019-08-14,79.98741149902344,80.08810424804688,77.89175415039062,78.22529602050781
2019-08-15,78.0364990234375,78.30081939697266,77.05474853515625,77.87287902832031
2019-08-16,78.65953063964844,79.0937728881836,78.04908752441406,78.69729614257812
2019-08-19,79.75456237792969,80.11957550048828,79.28886413574219,79.69792175292969
2019-08-20,79.2825698852539,80.09439849853516,78.9238510131836,79.72309875488281
2019-08-21,80.49087524414062,80.6922607421875,79.79232025146484,80.13215637207031
2019-08-22,80.5538101196289,80.80553436279297,79.49653625488281,80.52863311767578
2019-08-23,79.72309875488281,80.42794036865234,77.29389953613281,77.67149353027344
2019-08-26,78.65324401855469,79.08747863769531,77.80994415283203,78.97419738769531
2019-08-27,78.94273376464844,79.29515075683594,78.02391052246094,78.39521789550781
2019-08-28,78.25676727294922,79.89930725097656,77.91693115234375,79.84266662597656
2019-08-29,80.56010437011719,81.98237609863281,80.56010437011719,81.50408935546875
2019-08-30,81.9635009765625,82.5676498413086,81.92573547363281,81.9635009765625
2019-09-03,80.97545623779297,81.2964096069336,80.3272476196289,81.16425323486328
2019-09-04,82.24669647216797,82.90119934082031,81.9886703491211,82.47325134277344
2019-09-05,83.75078582763672,84.1409683227539,83.38578033447266,83.71932220458984
2019-09-06,84.21019744873047,84.48709869384766,83.79483795166016,84.13467407226562
2019-09-09,84.73883056640625,85.21082305908203,84.23536682128906,84.39899444580078
2019-09-10,84.3927001953125,84.78288269042969,83.59345245361328,84.27312469482422
2019-09-11,84.01510620117188,85.58841705322266,83.75078582763672,85.55695343017578
2019-09-12,85.87791442871094,86.84078216552734,85.71428680419922,86.50724029541016
2019-09-13,86.84707641601562,87.72813415527344,86.50724029541016,86.88483428955078
2019-09-16,87.4889907836914,87.4889907836914,86.41912841796875,86.89742279052734
2019-09-17,86.46318054199219,86.6834487915039,85.98489379882812,86.34990692138672
2019-09-18,86.16740417480469,86.71491241455078,85.55695343017578,86.63310241699219
2019-09-19,86.80931091308594,86.85965728759766,86.09817504882812,86.5512924194336
2019-09-20,86.59534454345703,87.13656616210938,85.31151580810547,85.31781005859375
2019-09-23,84.5877914428711,85.67023468017578,84.3927001953125,85.38074493408203
2019-09-24,85.61359405517578,85.71428680419922,84.74512481689453,85.26116943359375
2019-09-25,85.5506591796875,86.31214904785156,85.04719543457031,86.11076354980469
2019-09-26,86.06671142578125,87.02957916259766,85.90937805175781,86.5512924194336
2019-09-27,86.86595153808594,86.99811553955078,85.70799255371094,85.83385467529297
2019-09-30,86.31214904785156,86.33731842041016,85.69540405273438,85.9156723022461
2019-10-01,86.17998504638672,86.65198516845703,83.83259582519531,84.1976089477539
2019-10-02,83.59345245361328,83.700439453125,81.69918060302734,82.10824584960938
2019-10-03,82.2907485961914,82.64946746826172,80.95027923583984,82.57394409179688
2019-10-04,82.6242904663086,83.8955307006836,82.41032409667969,83.83259582519531
2019-10-07,83.56828308105469,84.30459594726562,83.15292358398438,83.5053482055664
2019-10-08,82.64946746826172,83.3165512084961,82.02642822265625,82.30963134765625
2019-10-09,82.88231658935547,83.47388458251953,82.51730346679688,83.04594421386719
2019-10-10,83.0081787109375,84.36752319335938,82.63058471679688,84.2794189453125
2019-10-11,85.00314331054688,86.33731842041016,84.95909118652344,85.68281555175781
2019-10-14,85.58841705322266,85.87162017822266,85.1667709350586,85.53807067871094
2019-10-15,85.75833892822266,86.67086029052734,85.67652893066406,85.68281555175781
2019-10-16,85.5506591796875,86.356201171875,85.38074493408203,86.03524017333984
2019-10-17,86.40654754638672,87.31277465820312,86.3247299194336,86.95405578613281
2019-10-18,86.9918212890625,87.12397766113281,85.90937805175781,86.09188079833984
2019-10-21,86.95405578613281,87.47640228271484,86.6834487915039,87.06733703613281
2019-10-22,88.62177276611328,89.51541900634766,87.4323501586914,88.99308013916016
2019-10-23,88.62806701660156,89.01195526123047,87.60855865478516,88.04908752441406
2019-10-24,88.4203872680664,90.5223388671875,88.12460327148438,90.2706069946289
2019-10-25,90.21397399902344,90.7489013671875,89.87413787841797,89.96853637695312
2019-10-28,90.16362762451172,91.0195083618164,89.5594711303711,90.01888275146484
2019-10-29,89.64757537841797,90.31466674804688,89.19446563720703,89.3643798828125
2019-10-30,89.52171325683594,90.79295349121094,89.3643798828125,90.5223388671875
2019-10-31,90.2706069946289,90.5223388671875,89.78602600097656,90.35871887207031
2019-11-01,90.86846923828125,92.37885284423828,90.83700561523438,92.30963134765625
2019-11-04,92.81938171386719,93.13404846191406,92.13341522216797,92.83197021484375
2019-11-05,92.9263687133789,93.49905395507812,92.32221221923828,93.04594421386719
2019-11-06,93.02706146240234,93.37948608398438,92.59282684326172,93.33543395996094
2019-11-07,93.65638732910156,93.98992919921875,93.42353820800781,93.59974670410156
2019-11-08,92.80679321289062,93.7822494506836,92.71868896484375,93.69414520263672
2019-11-11,93.14034271240234,93.53052520751953,92.84455871582031,93.27879333496094
2019-11-12,93.3920669555664,93.79483795166016,93.14034271240234,93.38578033447266
2019-11-13,93.0648193359375,93.46129608154297,92.78162384033203,93.33543395996094
2019-11-14,92.7942123413086,93.41724395751953,92.7942123413086,93.20956420898438
2019-11-15,93.3165512084961,94.2794189453125,93.29766845703125,93.99622344970703
2019-11-18,93.8388900756836,93.94587707519531,93.41724395751953,93.8388900756836
2019-11-19,94.15985107421875,94.17872619628906,93.36060333251953,93.3731918334961
2019-11-20,93.1466293334961,93.5053482055664,91.93832397460938,92.2907485961914
2019-11-21,92.28445434570312,93.10887145996094,92.07048797607422,92.69981384277344
2019-11-22,93.29766845703125,93.47388458251953,92.6242904663086,92.95154571533203
2019-11-25,93.49275970458984,93.60604095458984,92.63687896728516,92.83826446533203
2019-11-26,92.95154571533203,93.53052520751953,92.76274108886719,93.21585845947266
2019-11-27,93.37948608398438,93.80113220214844,92.94525146484375,93.65638732910156
2019-11-29,93.47388458251953,93.52423095703125,92.82567596435547,93.35430908203125
2019-12-02,93.38578033447266,93.52423095703125,91.17684173583984,91.24606323242188
2019-12-03,90.5789794921875,90.7489013671875,89.85525512695312,90.45311737060547
2019-12-04,91.214599609375,91.79987335205078,90.81182861328125,90.95027923583984
2019-12-05,91.56072998046875,91.61107635498047,90.88105773925781,91.41598510742188
2019-12-06,92.59912109375,92.75645446777344,92.01384735107422,92.50472259521484
2019-12-09,92.44808197021484,92.73127746582031,91.97608947753906,92.0201416015625
2019-12-10,91.7369384765625,91.88168334960938,91.47262573242188,91.48521423339844
2019-12-11,92.24669647216797,92.74386596679688,91.87539672851562,92.6809310913086
2019-12-12,93.07740783691406,94.17243194580078,92.6242904663086,94.0276870727539
2019-12-13,93.31025695800781,94.49339294433594,93.31025695800781,93.813720703125
2019-12-16,94.22907257080078,94.82064056396484,93.8388900756836,94.05915832519531
2019-12-17,93.8955307006836,94.0088119506836,93.10887145996094,93.53052520751953
2019-12-18,93.2032699584961,93.52423095703125,92.63058471679688,92.95783233642578
2019-12-19,93.33543395996094,93.870361328125,92.63687896728516,93.587158203125
2019-12-20,94.96538543701172,94.96538543701172,93.8955307006836,94.07803344726562
2019-12-23,94.37381744384766,94.74512481689453,94.12208557128906,94.28571319580078
2019-12-24,94.44304656982422,94.60037994384766,94.04656982421875,94.12837982177734
2019-12-26,94.36752319335938,94.87728118896484,94.24166107177734,94.84581756591797
2019-12-27,95.0283203125,95.07237243652344,94.43045806884766,94.57520294189453
2019-12-30,94.67589569091797,94.90245056152344,94.13467407226562,94.32347106933594
2019-12-31,94.26683044433594,94.5311508178711,93.83259582519531,94.24795532226562
2020-01-02,94.23536682128906,96.42542266845703,94.23536682128906,96.37507629394531
2020-01-03,94.98426818847656,97.32536315917969,94.7199478149414,96.50724029541016
2020-01-06,96.5701675415039,96.81560516357422,95.9723129272461,96.71491241455078
2020-01-07,95.59471130371094,96.6834487915039,95.59471130371094,96.40654754638672
2020-01-08,96.36249542236328,97.2624282836914,96.11705780029297,96.5512924194336
2020-01-09,96.79043579101562,97.03587341308594,96.36249542236328,96.69603729248047
2020-01-10,96.92259216308594,96.92259216308594,95.2989273071289,95.56954193115234
2020-01-13,95.67023468017578,95.9723129272461,95.2989273071289,95.6891098022461
2020-01-14,95.26116943359375,95.9156723022461,95.10383605957031,95.36815643310547
2020-01-15,95.43109130859375,96.33102416992188,95.12271881103516,95.63247680664062
2020-01-16,96.04153442382812,96.92888641357422,96.04153442382812,96.63310241699219
2020-01-17,97.11138916015625,97.87916564941406,96.71491241455078,97.16802978515625
2020-01-21,96.82819366455078,97.86658477783203,96.14852142333984,97.21208190917969
2020-01-22,97.15544128417969,97.58338928222656,96.4946517944336,96.78414154052734
2020-01-23,96.67086029052734,97.06733703613281,96.02894592285156,96.79043579101562
2020-01-24,96.53870391845703,97.18061828613281,95.90308380126953,96.40654754638672
2020-01-27,95.02202606201172,95.63247680664062,94.40528869628906,95.04719543457031
2020-01-28,94.73253631591797,97.17432403564453,93.17180633544922,96.19886779785156
2020-01-29,96.86595153808594,96.88483428955078,95.32410430908203,96.17369079589844
2020-01-30,95.30522155761719,97.04845428466797,95.30522155761719,96.91629791259766
2020-01-31,96.412841796875,96.65198516845703,94.15985107421875,94.52485656738281
2020-02-03,95.06607818603516,95.85273742675781,94.26683044433594,94.36752319335938
2020-02-04,95.31151580810547,96.4946517944336,95.28634643554688,96.28697204589844
2020-02-05,97.35682678222656,97.94210052490234,96.53870391845703,97.94210052490234
2020-02-06,98.40780639648438,98.64065551757812,97.65890502929688,98.30081939697266
2020-02-07,98.1749496459961,99.34549713134766,97.92951202392578,98.69729614257812
2020-02-10,99.19446563720703,99.4210205078125,97.52674865722656,98.52108001708984
2020-02-11,99.57205963134766,99.71051025390625,97.46381378173828,97.70295715332031
2020-02-12,97.64002227783203,98.0364990234375,96.63939666748047,97.65890502929688
2020-02-13,96.9351806640625,97.32536315917969,96.23662567138672,96.3247299194336
2020-02-14,96.33731842041016,96.94776916503906,96.01636505126953,96.57646179199219
2020-02-18,95.78350830078125,95.80868530273438,94.62554931640625,95.20452880859375
2020-02-19,95.37445068359375,95.63876342773438,94.48080444335938,94.82693481445312
2020-02-20,94.6444320678711,94.86469268798828,93.0962905883789,94.3360595703125
2020-02-21,94.18502044677734,95.4122085571289,93.59345245361328,95.3555679321289
2020-02-24,92.75645446777344,93.24732208251953,91.59219360351562,92.24669647216797
2020-02-25,92.45437622070312,92.83826446533203,87.1302719116211,87.35682678222656
2020-02-26,88.2315902709961,90.10698699951172,86.9037094116211,87.08621978759766
2020-02-27,85.57583618164062,86.50724029541016,83.15292358398438,83.18439483642578
2020-02-28,80.01258850097656,82.45437622070312,79.19446563720703,82.18376159667969
2020-03-02,82.75645446777344,84.41158294677734,80.71113586425781,84.37381744384766
2020-03-03,84.29200744628906,86.96664428710938,82.66834259033203,83.40465545654297
2020-03-04,84.60667419433594,88.00503540039062,83.53052520751953,87.50157165527344
2020-03-05,85.01573181152344,85.26746368408203,78.79798889160156,79.57205963134766
2020-03-06,76.56387329101562,80.00629425048828,75.51919555664062,79.59722900390625
2020-03-09,72.63687896728516,74.92762756347656,70.80553436279297,72.59912109375
2020-03-10,75.37445068359375,75.82756805419922,71.44744873046875,75.12271881103516
2020-03-11,72.88861083984375,73.52423095703125,67.19949340820312,67.65890502929688
2020-03-12,59.23222351074219,68.6469497680664,58.40150833129883,64.5059814453125
2020-03-13,68.62806701660156,69.71051025390625,62.020137786865234,66.33102416992188
2020-03-16,60.01258850097656,62.391441345214844,57.0044059753418,57.22467041015625
2020-03-17,57.306480407714844,58.81057357788086,52.11453628540039,58.42668151855469
2020-03-18,54.02139663696289,54.07174301147461,43.43612289428711,49.96853256225586
2020-03-19,49.861549377441406,53.80742645263672,45.4247932434082,52.712398529052734
2020-03-20,53.39836502075195,55.90937805175781,46.1170539855957,51.93832778930664
2020-03-23,50.35242462158203,50.402767181396484,45.50031661987305,47.16802978515625
2020-03-24,50.409061431884766,55.03461456298828,50.35242462158203,54.60037612915039
2020-03-25,55.30522155761719,63.04594039916992,54.298301696777344,60.53492736816406
2020-03-26,61.674007415771484,66.07300567626953,61.044681549072266,65.85273742675781
2020-03-27,61.674007415771484,64.02140045166016,60.74260330200195,61.13908004760742
2020-03-30,60.465702056884766,62.77532958984375,59.60352325439453,61.98237991333008
2020-03-31,61.22089385986328,62.42919921875,59.07489013671875,59.3643798828125
2020-04-01,56.3121452331543,57.898048400878906,55.58842086791992,57.50157165527344
2020-04-02,56.40654373168945,58.055381774902344,53.561988830566406,54.12838363647461
2020-04-03,51.0,53.29999923706055,48.04999923706055,49.93000030517578
2020-04-06,54.47999954223633,58.900001525878906,52.63999938964844,57.560001373291016
2020-04-07,62.41999816894531,64.48999786376953,57.220001220703125,57.7599983215332
2020-04-08,58.349998474121094,63.97999954223633,57.900001525878906,62.619998931884766
2020-04-09,67.0,68.0999984741211,63.5099983215332,64.70999908447266
2020-04-13,64.2300033569336,64.4000015258789,60.09000015258789,61.83000183105469
2020-04-14,63.630001068115234,65.33999633789062,62.599998474121094,65.06999969482422
2020-04-15,65.0,65.11000061035156,61.22999954223633,62.33000183105469
2020-04-16,62.459999084472656,62.720001220703125,61.29999923706055,62.45000076293945
2020-04-17,64.75,66.5,64.18000030517578,66.06999969482422
2020-04-20,64.5,66.93000030517578,63.720001220703125,64.9800033569336
2020-04-21,63.619998931884766,64.55000305175781,62.150001525878906,62.650001525878906
2020-04-22,64.31999969482422,64.9000015258789,63.099998474121094,63.45000076293945
2020-04-23,63.88999938964844,64.87999725341797,63.25,63.290000915527344
2020-04-24,63.97999954223633,64.08000183105469,62.5,63.43000030517578
2020-04-27,64.43000030517578,65.41999816894531,63.84000015258789,65.06999969482422
2020-04-28,66.5199966430664,67.29000091552734,64.80999755859375,65.38999938964844
2020-04-29,67.3499984741211,68.79000091552734,66.05999755859375,67.9000015258789
2020-04-30,67.44999694824219,67.44999694824219,64.69999694824219,64.80999755859375
2020-05-01,63.5,63.61000061035156,60.220001220703125,61.11000061035156
2020-05-04,60.02000045776367,60.029998779296875,57.56999969482422,58.849998474121094
2020-05-05,60.2599983215332,60.470001220703125,58.869998931884766,59.0
2020-05-06,59.29999923706055,59.38999938964844,57.75,57.91999816894531
2020-05-07,58.630001068115234,59.2400016784668,56.439998626708984,57.0099983215332
2020-05-08,57.720001220703125,58.75,57.349998474121094,58.66999816894531
2020-05-11,57.720001220703125,57.93000030517578,56.33000183105469,57.36000061035156
2020-05-12,57.380001068115234,58.439998626708984,56.720001220703125,56.720001220703125
2020-05-13,56.09000015258789,56.09000015258789,53.18000030517578,54.099998474121094
2020-05-14,52.66999816894531,53.90999984741211,51.130001068115234,53.86000061035156
2020-05-15,53.040000915527344,53.27000045776367,51.65999984741211,52.72999954223633
2020-05-18,55.650001525878906,58.619998931884766,55.52000045776367,57.900001525878906
2020-05-19,57.88999938964844,60.13999938964844,57.400001525878906,57.939998626708984
2020-05-20,58.709999084472656,59.06999969482422,57.689998626708984,57.79999923706055
2020-05-21,58.29999923706055,60.209999084472656,58.20000076293945,60.099998474121094
2020-05-22,60.38999938964844,60.77000045776367,59.33000183105469,60.0
2020-05-26,62.560001373291016,65.55000305175781,62.36000061035156,64.47000122070312
2020-05-27,67.0,67.98999786376953,65.16999816894531,66.6500015258789
2020-05-28,68.77999877929688,68.77999877929688,66.13999938964844,67.2699966430664
2020-05-29,65.5999984741211,66.5999984741211,64.13999938964844,64.5199966430664
2020-06-01,65.0,66.04000091552734,64.06999969482422,64.12000274658203
2020-06-02,63.70000076293945,64.19999694824219,62.560001373291016,63.400001525878906
2020-06-03,64.5,67.7300033569336,64.44000244140625,67.47000122070312
2020-06-04,67.0999984741211,67.83000183105469,66.30999755859375,67.51000213623047
2020-06-05,71.02999877929688,73.73999786376953,71.0,72.06999969482422
2020-06-08,72.5,74.93000030517578,72.5,74.16000366210938
2020-06-09,72.6500015258789,72.6500015258789,70.51000213623047,70.54000091552734
2020-06-10,70.13999938964844,70.29000091552734,68.05000305175781,68.36000061035156
2020-06-11,63.9900016784668,65.70999908447266,62.81999969482422,62.849998474121094
2020-06-12,65.97000122070312,66.06999969482422,63.36000061035156,65.37000274658203
2020-06-15,63.0,67.76000213623047,62.439998626708984,67.05000305175781
2020-06-16,69.62000274658203,70.0999984741211,66.05000305175781,67.81999969482422
2020-06-17,68.0,68.19999694824219,66.62999725341797,66.9000015258789
2020-06-18,65.83000183105469,67.43000030517578,65.61000061035156,66.87999725341797
2020-06-19,68.36000061035156,68.36000061035156,64.47000122070312,64.88999938964844
2020-06-22,64.80999755859375,65.41999816894531,63.93000030517578,65.04000091552734
2020-06-23,65.45999908447266,65.77999877929688,64.16000366210938,64.54000091552734
2020-06-24,63.9900016784668,64.01000213623047,61.06999969482422,61.720001220703125
2020-06-25,60.91999816894531,61.380001068115234,59.959999084472656,61.060001373291016
2020-06-26,61.02000045776367,61.41999816894531,58.939998626708984,59.099998474121094
2020-06-29,60.189998626708984,61.91999816894531,59.79999923706055,61.91999816894531
2020-06-30,61.04999923706055,61.86000061035156,60.08000183105469,61.619998931884766
2020-07-01,61.779998779296875,62.900001525878906,61.22999954223633,61.61000061035156
2020-07-02,62.66999816894531,63.459999084472656,61.619998931884766,61.790000915527344
2020-07-06,63.060001373291016,63.83000183105469,62.119998931884766,63.31999969482422
2020-07-07,62.540000915527344,62.83000183105469,60.939998626708984,61.0099983215332
2020-07-08,60.880001068115234,61.63999938964844,60.20000076293945,61.0099983215332
2020-07-09,60.65999984741211,60.880001068115234,58.060001373291016,58.11000061035156
2020-07-10,59.099998474121094,60.20000076293945,58.77000045776367,59.63999938964844
2020-07-13,60.279998779296875,60.79999923706055,58.7400016784668,59.349998474121094
2020-07-14,59.0,60.560001373291016,58.45000076293945,60.470001220703125
2020-07-15,62.349998474121094,63.220001220703125,62.04999923706055,62.939998626708984
2020-07-16,62.29999923706055,62.810001373291016,61.45000076293945,62.369998931884766
2020-07-17,62.470001220703125,62.61000061035156,61.709999084472656,62.20000076293945
2020-07-20,61.779998779296875,62.029998779296875,60.81999969482422,61.40999984741211
2020-07-21,62.0,63.47999954223633,61.83000183105469,63.04999923706055
2020-07-22,62.599998474121094,63.72999954223633,62.16999816894531,63.630001068115234
2020-07-23,63.59000015258789,64.33000183105469,62.880001068115234,63.119998931884766
2020-07-24,63.209999084472656,63.970001220703125,61.790000915527344,62.06999969482422
2020-07-27,61.650001525878906,61.849998474121094,60.650001525878906,61.09000015258789
2020-07-28,61.7400016784668,61.81999969482422,59.75,61.0
2020-07-29,60.70000076293945,60.9900016784668,59.060001373291016,59.400001525878906
2020-07-30,58.619998931884766,58.650001525878906,57.27000045776367,57.459999084472656
2020-07-31,57.36000061035156,57.380001068115234,56.11000061035156,56.68000030517578
2020-08-03,56.470001220703125,57.52000045776367,55.72999954223633,57.5099983215332
2020-08-04,57.720001220703125,57.90999984741211,57.119998931884766,57.5099983215332
2020-08-05,57.849998474121094,60.04999923706055,57.70000076293945,60.029998779296875
2020-08-06,59.5,60.40999984741211,59.29999923706055,59.869998931884766
2020-08-07,59.869998931884766,61.290000915527344,59.349998474121094,61.22999954223633
2020-08-10,61.5,64.44000244140625,61.36000061035156,64.2300033569336
2020-08-11,65.19000244140625,66.1500015258789,64.08000183105469,64.26000213623047
2020-08-12,65.12999725341797,65.13999938964844,63.380001068115234,64.29000091552734
2020-08-13,63.060001373291016,64.04000091552734,62.650001525878906,63.29999923706055
2020-08-14,62.79999923706055,64.23999786376953,62.59000015258789,63.63999938964844
2020-08-17,63.58000183105469,63.880001068115234,62.68000030517578,62.77000045776367
2020-08-18,62.720001220703125,63.16999816894531,62.029998779296875,62.099998474121094
2020-08-19,62.02000045776367,62.90999984741211,61.5,61.63999938964844
2020-08-20,61.0,61.41999816894531,60.34000015258789,60.9900016784668
2020-08-21,60.66999816894531,61.279998779296875,60.22999954223633,60.27000045776367
2020-08-24,60.400001525878906,62.040000915527344,60.130001068115234,61.880001068115234
2020-08-25,61.36000061035156,61.400001525878906,59.63999938964844,60.95000076293945
2020-08-26,60.63999938964844,60.91999816894531,59.9900016784668,60.77000045776367
2020-08-27,60.7599983215332,61.959999084472656,60.380001068115234,60.900001525878906
2020-08-28,61.119998931884766,62.529998779296875,60.630001068115234,62.2400016784668
2020-08-31,62.189998626708984,63.56999969482422,60.91999816894531,61.0
2020-09-01,60.689998626708984,61.349998474121094,60.119998931884766,60.68000030517578
2020-09-02,61.0,62.150001525878906,60.7599983215332,62.0
2020-09-03,62.189998626708984,63.20000076293945,60.41999816894531,60.86000061035156
2020-09-04,61.4900016784668,62.209999084472656,59.939998626708984,61.16999816894531
2020-09-08,60.380001068115234,60.59000015258789,58.81999969482422,59.25
2020-09-09,59.77000045776367,60.310001373291016,58.88999938964844,59.58000183105469
2020-09-10,60.29999923706055,61.68000030517578,59.380001068115234,59.52000045776367
2020-09-11,59.5,60.900001525878906,59.400001525878906,60.650001525878906
2020-09-14,61.279998779296875,62.22999954223633,61.08000183105469,61.970001220703125
2020-09-15,61.7400016784668,62.439998626708984,60.959999084472656,61.439998626708984
2020-09-16,61.2400016784668,63.72999954223633,60.90999984741211,62.91999816894531
2020-09-17,62.22999954223633,64.01000213623047,61.560001373291016,62.810001373291016
2020-09-18,62.56999969482422,63.33000183105469,62.099998474121094,62.349998474121094
2020-09-21,61.58000183105469,62.56999969482422,59.630001068115234,60.02000045776367
2020-09-22,59.939998626708984,60.779998779296875,58.93000030517578,59.790000915527344
2020-09-23,59.81999969482422,60.880001068115234,58.29999923706055,58.33000183105469
2020-09-24,58.04999923706055,58.31999969482422,56.619998931884766,57.380001068115234
2020-09-25,56.869998931884766,57.7400016784668,56.34000015258789,57.4900016784668
2020-09-28,58.09000015258789,59.56999969482422,58.09000015258789,58.88999938964844
2020-09-29,58.68000030517578,58.790000915527344,57.4900016784668,57.599998474121094
2020-09-30,57.61000061035156,58.61000061035156,57.099998474121094,57.540000915527344
2020-10-01,57.81999969482422,58.45000076293945,57.09000015258789,57.459999084472656
2020-10-02,56.52000045776367,59.380001068115234,56.5099983215332,59.34000015258789
2020-10-05,59.849998474121094,60.33000183105469,59.16999816894531,59.5099983215332
2020-10-06,59.810001373291016,60.58000183105469,58.43000030517578,58.45000076293945
2020-10-07,59.310001373291016,59.939998626708984,58.95000076293945,59.689998626708984
2020-10-08,59.81999969482422,60.849998474121094,59.68000030517578,60.79999923706055
2020-10-09,61.220001220703125,61.33000183105469,59.88999938964844,59.90999984741211
2020-10-12,59.84000015258789,60.68000030517578,59.560001373291016,60.529998779296875
2020-10-13,59.75,60.099998474121094,58.529998779296875,59.52000045776367
2020-10-14,59.279998779296875,60.34000015258789,59.209999084472656,59.939998626708984
2020-10-15,59.369998931884766,60.5,58.91999816894531,60.4900016784668
2020-10-16,61.0,62.040000915527344,60.63999938964844,61.75
2020-10-19,61.599998474121094,62.66999816894531,61.0,61.459999084472656
2020-10-20,61.97999954223633,62.310001373291016,61.040000915527344,61.2400016784668
2020-10-21,60.41999816894531,61.099998474121094,60.189998626708984,60.349998474121094
2020-10-22,60.22999954223633,62.970001220703125,60.220001220703125,62.79999923706055
2020-10-23,63.06999969482422,63.790000915527344,62.41999816894531,62.56999969482422
2020-10-26,61.650001525878906,61.75,59.880001068115234,60.810001373291016
2020-10-27,59.77000045776367,59.79999923706055,56.439998626708984,56.529998779296875
2020-10-28,55.20000076293945,56.06999969482422,52.25,52.34000015258789
2020-10-29,52.5,53.47999954223633,51.91999816894531,53.13999938964844
2020-10-30,53.119998931884766,54.45000076293945,52.91999816894531,54.31999969482422
2020-11-02,55.400001525878906,56.0,53.90999984741211,55.75
2020-11-03,56.5099983215332,57.5099983215332,56.34000015258789,57.040000915527344
2020-11-04,57.36000061035156,58.59000015258789,56.13999938964844,56.81999969482422
2020-11-05,57.11000061035156,58.81999969482422,56.869998931884766,58.279998779296875
2020-11-06,57.630001068115234,58.849998474121094,57.2400016784668,58.560001373291016
2020-11-09,65.12000274658203,66.38999938964844,62.4900016784668,64.98999786376953
2020-11-10,66.0999984741211,68.1500015258789,65.75,67.88999938964844
2020-11-11,67.6500015258789,67.69999694824219,65.12000274658203,65.8499984741211
2020-11-12,63.880001068115234,64.63999938964844,63.27000045776367,63.9900016784668
2020-11-13,64.77999877929688,66.4000015258789,64.5199966430664,66.1500015258789
2020-11-16,67.55999755859375,69.04000091552734,67.1500015258789,68.66000366210938
2020-11-17,67.5199966430664,69.62000274658203,67.36000061035156,68.87000274658203
2020-11-18,69.66999816894531,71.31999969482422,69.33000183105469,69.51000213623047
2020-11-19,68.6500015258789,71.2300033569336,68.19999694824219,71.11000061035156
2020-11-20,70.80000305175781,71.12000274658203,69.6500015258789,69.76000213623047
2020-11-23,70.81999969482422,72.83999633789062,70.33999633789062,72.63999938964844
2020-11-24,74.08999633789062,75.31999969482422,73.80000305175781,74.36000061035156
2020-11-25,73.55000305175781,74.19000244140625,72.9000015258789,73.80999755859375
2020-11-27,73.7699966430664,74.4000015258789,73.38999938964844,73.91000366210938
2020-11-30,73.08999633789062,73.55000305175781,71.36000061035156,71.72000122070312
2020-12-01,72.72000122070312,72.94000244140625,71.20999908447266,71.2300033569336
2020-12-02,71.19000244140625,72.3499984741211,70.69000244140625,71.94000244140625
2020-12-03,72.11000061035156,74.38999938964844,71.91000366210938,73.29000091552734
2020-12-04,73.37999725341797,74.66000366210938,73.37999725341797,73.91000366210938
2020-12-07,73.37999725341797,73.75,72.55000305175781,73.04000091552734
2020-12-08,73.19000244140625,74.51000213623047,72.79000091552734,74.4800033569336
2020-12-09,74.47000122070312,74.81999969482422,73.27999877929688,73.54000091552734
2020-12-10,72.97000122070312,73.73999786376953,72.44999694824219,72.9800033569336
2020-12-11,72.66000366210938,73.58000183105469,72.36000061035156,72.88999938964844
2020-12-14,73.4000015258789,73.83000183105469,70.70999908447266,70.80000305175781
2020-12-15,71.5,71.80000305175781,70.0999984741211,71.04000091552734
2020-12-16,71.1500015258789,71.18000030517578,70.44999694824219,70.56999969482422
2020-12-17,71.38999938964844,71.48999786376953,70.51000213623047,70.63999938964844
2020-12-18,70.56999969482422,70.76000213623047,69.80999755859375,70.16999816894531
2020-12-21,68.69000244140625,70.23999786376953,67.77999877929688,69.66999816894531
2020-12-22,69.48999786376953,70.11000061035156,68.97000122070312,69.25
2020-12-23,69.79000091552734,71.41000366210938,69.58999633789062,70.72000122070312
2020-12-24,70.94999694824219,70.94999694824219,69.88999938964844,70.2699966430664
2020-12-28,70.69999694824219,71.45999908447266,70.33999633789062,70.62999725341797
2020-12-29,71.0,71.0999984741211,69.66999816894531,70.33999633789062
2020-12-30,70.5,71.63999938964844,70.33999633789062,71.36000061035156
2020-12-31,71.3499984741211,71.69999694824219,70.94000244140625,71.51000213623047
2021-01-04,71.37999725341797,71.55999755859375,68.30999755859375,68.43000030517578
2021-01-05,68.76000213623047,69.87999725341797,68.4000015258789,69.41999816894531
2021-01-06,68.5,71.48999786376953,68.44999694824219,70.27999877929688
2021-01-07,70.3499984741211,70.87000274658203,69.69000244140625,69.77999877929688
2021-01-08,69.95999908447266,70.08000183105469,68.69999694824219,69.86000061035156
2021-01-11,68.79000091552734,69.8499984741211,68.5199966430664,69.80000305175781
2021-01-12,69.69000244140625,71.72000122070312,69.56999969482422,71.5199966430664
2021-01-13,71.30000305175781,71.44999694824219,69.79000091552734,70.5
2021-01-14,71.0,72.37000274658203,70.55000305175781,70.94000244140625
2021-01-15,70.30999755859375,70.33000183105469,68.94999694824219,69.19999694824219
2021-01-19,69.77999877929688,70.05000305175781,69.1500015258789,69.36000061035156
2021-01-20,69.47000122070312,69.52999877929688,68.61000061035156,68.83999633789062
2021-01-21,68.33000183105469,68.69999694824219,67.8499984741211,68.11000061035156
2021-01-22,67.72000122070312,68.11000061035156,67.12000274658203,67.58000183105469
2021-01-25,66.04000091552734,66.5199966430664,65.0199966430664,66.27999877929688
2021-01-26,69.19999694824219,70.93000030517578,67.19000244140625,67.19999694824219
2021-01-27,66.55000305175781,67.76000213623047,65.25,65.5
2021-01-28,66.44000244140625,69.29000091552734,66.20999908447266,68.16999816894531
2021-01-29,67.11000061035156,67.55999755859375,66.11000061035156,66.7300033569336
2021-02-01,67.5999984741211,67.5999984741211,66.12999725341797,66.95999908447266
2021-02-02,67.66999816894531,70.41999816894531,67.55000305175781,70.13999938964844
2021-02-03,69.76000213623047,70.91999816894531,69.37000274658203,70.58000183105469
2021-02-04,71.06999969482422,72.80999755859375,70.7300033569336,72.68000030517578
2021-02-05,73.3499984741211,73.87999725341797,72.0,72.33000183105469
2021-02-08,72.27999877929688,72.68000030517578,71.80999755859375,72.48999786376953
2021-02-09,72.25,73.33999633789062,71.56999969482422,73.04000091552734
2021-02-10,72.76000213623047,73.13999938964844,72.13999938964844,72.47000122070312
2021-02-11,72.47000122070312,73.19000244140625,71.16999816894531,72.33000183105469
2021-02-12,72.08999633789062,72.81999969482422,71.81999969482422,72.61000061035156
2021-02-16,72.83999633789062,73.25,72.04000091552734,72.61000061035156
2021-02-17,72.29000091552734,73.20999908447266,72.08000183105469,73.05999755859375
2021-02-18,72.47000122070312,73.05000305175781,72.0199966430664,72.87999725341797
2021-02-19,73.37999725341797,74.30999755859375,73.0999984741211,74.26000213623047
2021-02-22,72.25,74.26000213623047,72.22000122070312,73.0
2021-02-23,73.41000366210938,74.01000213623047,72.52999877929688,73.98999786376953
2021-02-24,74.19000244140625,78.16999816894531,73.5199966430664,77.66999816894531
2021-02-25,76.66000366210938,77.12000274658203,72.94999694824219,73.31999969482422
2021-02-26,73.93000030517578,73.93000030517578,71.98999786376953,71.98999786376953
2021-03-01,73.51000213623047,75.33999633789062,73.0999984741211,74.36000061035156
2021-03-02,74.30999755859375,75.41999816894531,74.19999694824219,74.66999816894531
2021-03-03,74.80000305175781,76.38999938964844,74.6500015258789,75.06999969482422
2021-03-04,75.0199966430664,76.45999908447266,72.73999786376953,74.41999816894531
2021-03-05,75.2300033569336,75.56999969482422,73.0999984741211,75.18000030517578
2021-03-08,76.11000061035156,77.33999633789062,75.54000091552734,75.61000061035156
2021-03-09,76.04000091552734,76.69999694824219,74.75,74.83000183105469
2021-03-10,75.4000015258789,77.1500015258789,74.98999786376953,76.55999755859375
2021-03-11,76.56999969482422,78.08000183105469,76.19999694824219,77.05000305175781
2021-03-12,78.0,78.87000274658203,77.68000030517578,78.5199966430664
2021-03-15,78.77999877929688,80.05999755859375,78.3499984741211,79.56999969482422
2021-03-16,79.44000244140625,79.66999816894531,78.01000213623047,78.23999786376953
2021-03-17,78.45999908447266,79.83999633789062,78.30999755859375,79.55999755859375
2021-03-18,79.22000122070312,79.91999816894531,77.87999725341797,77.94000244140625
2021-03-19,78.0,78.55000305175781,76.12000274658203,78.36000061035156
2021-03-22,78.36000061035156,78.54000091552734,76.58999633789062,76.91999816894531
2021-03-23,76.2699966430664,77.16999816894531,75.01000213623047,75.18000030517578
2021-03-24,76.2300033569336,77.83000183105469,75.55000305175781,75.55000305175781
2021-03-25,75.0999984741211,77.66999816894531,74.62999725341797,77.52999877929688
2021-03-26,77.41000366210938,78.26000213623047,76.56999969482422,78.16999816894531
2021-03-29,78.30999755859375,78.98999786376953,77.52999877929688,77.68000030517578
2021-03-30,77.62000274658203,78.44999694824219,77.26000213623047,77.81999969482422
2021-03-31,77.83999633789062,78.22000122070312,77.05000305175781,77.2699966430664
2021-04-01,77.61000061035156,77.80000305175781,76.93000030517578,77.27999877929688
2021-04-05,77.86000061035156,78.44999694824219,77.54000091552734,77.91000366210938
2021-04-06,77.58999633789062,78.08999633789062,77.19999694824219,77.51000213623047
2021-04-07,77.48999786376953,78.11000061035156,77.05000305175781,77.5999984741211
2021-04-08,77.12999725341797,77.55999755859375,76.48999786376953,77.4800033569336
2021-04-09,78.54000091552734,78.87999725341797,77.6500015258789,78.29000091552734
2021-04-12,78.25,78.81999969482422,78.12999725341797,78.72000122070312
2021-04-13,78.0,78.08000183105469,76.73999786376953,77.69999694824219
2021-04-14,78.0,78.69000244140625,77.7699966430664,77.95999908447266
2021-04-15,78.16000366210938,78.27999877929688,76.9800033569336,77.97000122070312
2021-04-16,78.58999633789062,78.58999633789062,77.05000305175781,78.22000122070312
2021-04-19,78.12000274658203,78.7300033569336,77.73999786376953,78.58999633789062
2021-04-20,77.80000305175781,77.91000366210938,76.06999969482422,77.08999633789062
2021-04-21,76.80999755859375,78.94000244140625,76.4000015258789,78.87000274658203
2021-04-22,78.98999786376953,79.91000366210938,78.55000305175781,78.73999786376953
2021-04-23,78.80999755859375,80.76000213623047,78.80999755859375,80.54000091552734
2021-04-26,81.0,82.06999969482422,80.80000305175781,81.0
2021-04-27,82.76000213623047,83.69000244140625,80.87999725341797,82.80999755859375
2021-04-28,81.4800033569336,83.12000274658203,81.4800033569336,83.08000183105469
2021-04-29,83.55999755859375,83.80000305175781,82.51000213623047,82.87000274658203
2021-04-30,82.55000305175781,83.41000366210938,82.3499984741211,83.23999786376953
2021-05-03,83.80000305175781,84.44999694824219,83.27999877929688,84.13999938964844
2021-05-04,84.12000274658203,84.58999633789062,83.1500015258789,83.94000244140625
2021-05-05,83.62999725341797,84.66999816894531,83.54000091552734,84.12999725341797
2021-05-06,84.80999755859375,84.9000015258789,83.52999877929688,84.68000030517578
2021-05-07,84.80999755859375,85.93000030517578,84.13999938964844,85.70999908447266
2021-05-10,86.86000061035156,87.04000091552734,84.93000030517578,85.04000091552734
2021-05-11,84.23999786376953,85.19999694824219,83.3499984741211,84.33000183105469
2021-05-12,84.2300033569336,84.86000061035156,82.22000122070312,82.27999877929688
2021-05-13,82.30000305175781,84.27999877929688,82.13999938964844,83.77999877929688
2021-05-14,84.44999694824219,86.06999969482422,84.36000061035156,85.87999725341797
2021-05-17,85.05999755859375,86.56999969482422,85.05999755859375,86.56999969482422
2021-05-18,86.19999694824219,86.95999908447266,85.3499984741211,85.37999725341797
2021-05-19,84.83999633789062,85.2699966430664,83.58000183105469,85.20999908447266
2021-05-20,84.73999786376953,85.55999755859375,84.08999633789062,85.2300033569336
2021-05-21,85.8499984741211,87.0999984741211,85.55000305175781,85.80999755859375
2021-05-24,86.48999786376953,86.94999694824219,86.0,86.4800033569336
2021-05-25,86.62999725341797,87.27999877929688,85.98999786376953,86.26000213623047
2021-05-26,86.33000183105469,86.7300033569336,86.0,86.5
2021-05-27,88.5,88.80999755859375,87.70999908447266,88.61000061035156
2021-05-28,88.4000015258789,88.83000183105469,88.04000091552734,88.70999908447266
2021-06-01,89.80999755859375,89.93000030517578,88.83999633789062,88.98999786376953
2021-06-02,89.25,89.25,88.44999694824219,88.62999725341797
2021-06-03,88.11000061035156,88.97000122070312,87.88999938964844,88.68000030517578
2021-06-04,88.6500015258789,89.23999786376953,88.55000305175781,89.0199966430664
2021-06-07,88.97000122070312,89.1500015258789,88.4800033569336,88.97000122070312
2021-06-08,89.19999694824219,89.77999877929688,88.76000213623047,89.44999694824219
2021-06-09,89.36000061035156,89.56999969482422,88.81999969482422,88.8499984741211
2021-06-10,89.80000305175781,89.9800033569336,88.16000366210938,88.25
2021-06-11,88.69999694824219,88.97000122070312,88.16999816894531,88.80999755859375
2021-06-14,88.72000122070312,89.19000244140625,88.25,88.72000122070312
2021-06-15,88.94999694824219,89.80000305175781,88.80000305175781,89.4000015258789
2021-06-16,89.2300033569336,89.43000030517578,87.94999694824219,88.43000030517578
2021-06-17,88.4800033569336,88.7300033569336,86.31999969482422,87.12999725341797
2021-06-18,85.9000015258789,86.7300033569336,85.62000274658203,85.91999816894531
2021-06-21,86.75,88.13999938964844,86.5199966430664,88.0
2021-06-22,87.68000030517578,88.05999755859375,86.86000061035156,87.37999725341797
2021-06-23,87.41999816894531,87.61000061035156,86.56999969482422,86.5999984741211
2021-06-24,87.18000030517578,87.18000030517578,86.26000213623047,86.8499984741211
2021-06-25,87.02999877929688,87.4000015258789,86.68000030517578,86.72000122070312
2021-06-28,86.38999938964844,86.4000015258789,84.76000213623047,85.11000061035156
2021-06-29,85.37999725341797,85.87000274658203,84.33999633789062,84.44000244140625
2021-06-30,84.33999633789062,85.66999816894531,84.13999938964844,85.30999755859375
2021-07-01,85.41999816894531,86.25,85.2699966430664,86.22000122070312
2021-07-02,86.5,87.0,85.83000183105469,86.69999694824219
2021-07-06,86.1500015258789,86.48999786376953,84.93000030517578,85.75
2021-07-07,85.16999816894531,86.04000091552734,84.81999969482422,85.83000183105469
2021-07-08,84.5999984741211,85.77999877929688,84.0199966430664,85.44000244140625
2021-07-09,86.5,86.75,86.0199966430664,86.37999725341797
2021-07-12,85.55999755859375,86.4000015258789,85.0199966430664,86.22000122070312
2021-07-13,86.16999816894531,86.23999786376953,85.26000213623047,85.33000183105469
2021-07-14,85.18000030517578,85.88999938964844,84.45999908447266,84.91000366210938
2021-07-15,84.08999633789062,85.52999877929688,83.94000244140625,84.9800033569336
2021-07-16,85.62000274658203,85.75,83.30000305175781,83.52999877929688
2021-07-19,81.80000305175781,81.95999908447266,79.72000122070312,81.05000305175781
2021-07-20,81.30000305175781,85.12999725341797,81.0199966430664,84.80000305175781
2021-07-21,85.2699966430664,86.95999908447266,85.05000305175781,86.58000183105469
2021-07-22,86.2699966430664,86.5,85.19000244140625,85.81999969482422
2021-07-23,86.7300033569336,86.7300033569336,85.61000061035156,85.80999755859375
2021-07-26,85.7300033569336,86.19999694824219,85.41999816894531,85.94999694824219
2021-07-27,87.5999984741211,89.45999908447266,87.41000366210938,88.22000122070312
2021-07-28,89.12000274658203,89.12000274658203,86.94999694824219,87.19999694824219
2021-07-29,88.62999725341797,88.6500015258789,87.48999786376953,87.6500015258789
2021-07-30,87.37000274658203,87.76000213623047,86.66000366210938,86.94999694824219
2021-08-02,87.13999938964844,88.73999786376953,86.51000213623047,86.61000061035156
2021-08-03,86.69000244140625,88.0,85.33000183105469,87.97000122070312
2021-08-04,86.87000274658203,87.38999938964844,85.6500015258789,85.81999969482422
2021-08-05,86.41000366210938,87.43000030517578,86.19000244140625,86.87999725341797
2021-08-06,87.44999694824219,87.9800033569336,87.16999816894531,87.58000183105469
2021-08-09,87.05999755859375,87.43000030517578,86.52999877929688,87.08000183105469
2021-08-10,87.19000244140625,88.05999755859375,87.0,87.6500015258789
2021-08-11,87.80999755859375,88.66000366210938,87.43000030517578,88.62000274658203
2021-08-12,88.4000015258789,88.66000366210938,87.37999725341797,87.9800033569336
2021-08-13,88.0999984741211,88.13999938964844,87.13999938964844,87.25
2021-08-16,86.72000122070312,87.26000213623047,85.56999969482422,87.13999938964844
2021-08-17,86.4000015258789,87.16999816894531,85.6500015258789,86.61000061035156
2021-08-18,86.05000305175781,86.91999816894531,85.41000366210938,85.4800033569336
2021-08-19,84.33000183105469,84.83999633789062,82.97000122070312,83.3499984741211
2021-08-20,83.29000091552734,84.4800033569336,83.0,84.05000305175781
2021-08-23,84.58000183105469,85.58000183105469,84.51000213623047,84.95999908447266
2021-08-24,85.11000061035156,86.08000183105469,85.0,85.43000030517578
2021-08-25,85.62000274658203,86.44000244140625,85.0,85.7300033569336
2021-08-26,85.66000366210938,85.80000305175781,84.5199966430664,84.76000213623047
2021-08-27,85.18000030517578,86.13999938964844,85.1500015258789,85.4000015258789
2021-08-30,85.48999786376953,85.5199966430664,84.69999694824219,84.80000305175781
2021-08-31,84.6500015258789,85.41999816894531,84.33999633789062,84.76000213623047
2021-09-01,85.13999938964844,85.13999938964844,83.91999816894531,84.0999984741211
2021-09-02,84.19999694824219,84.94999694824219,84.12999725341797,84.54000091552734
2021-09-03,84.37999725341797,84.62999725341797,83.5,83.6500015258789
2021-09-07,83.36000061035156,83.6500015258789,82.36000061035156,83.0
2021-09-08,82.83000183105469,83.4800033569336,82.19999694824219,82.87000274658203
2021-09-09,82.93000030517578,84.3499984741211,82.7300033569336,83.66000366210938
2021-09-10,84.18000030517578,84.45999908447266,82.80000305175781,83.0
2021-09-13,83.77999877929688,84.2300033569336,82.76000213623047,83.63999938964844
2021-09-14,83.80000305175781,83.83999633789062,82.26000213623047,82.73999786376953
2021-09-15,83.18000030517578,85.05999755859375,82.83000183105469,84.87000274658203
2021-09-16,84.94000244140625,85.12999725341797,83.87999725341797,84.0199966430664
2021-09-17,83.58999633789062,84.01000213623047,82.37000274658203,83.38999938964844
2021-09-20,81.9000015258789,83.5999984741211,81.5199966430664,83.44999694824219
2021-09-21,83.68000030517578,84.1500015258789,82.66999816894531,83.11000061035156
2021-09-22,83.97000122070312,85.95999908447266,83.61000061035156,85.2699966430664
2021-09-23,85.58000183105469,87.0,85.51000213623047,86.75
2021-09-24,86.56999969482422,87.66999816894531,86.36000061035156,87.16000366210938
2021-09-27,87.7300033569336,88.47000122070312,87.2300033569336,87.33999633789062
2021-09-28,87.0999984741211,87.7300033569336,86.47000122070312,86.83999633789062
2021-09-29,87.16999816894531,87.81999969482422,86.69000244140625,86.98999786376953
2021-09-30,87.48999786376953,87.5,85.86000061035156,85.95999908447266
2021-10-01,86.80000305175781,87.93000030517578,86.13999938964844,87.4800033569336
2021-10-04,87.0,88.0,86.43000030517578,87.69000244140625
2021-10-05,88.0,89.48999786376953,87.7300033569336,88.72000122070312
2021-10-06,88.19999694824219,89.4000015258789,87.44999694824219,89.2699966430664
2021-10-07,89.88999938964844,90.62999725341797,89.75,90.1500015258789
2021-10-08,90.30000305175781,90.83000183105469,89.73999786376953,90.62000274658203
2021-10-11,90.72000122070312,91.37999725341797,89.83999633789062,89.88999938964844
2021-10-12,89.61000061035156,90.55999755859375,89.16000366210938,89.72000122070312
2021-10-13,89.80999755859375,90.0,88.31999969482422,89.68000030517578
2021-10-14,90.31999969482422,90.47000122070312,89.11000061035156,89.16999816894531
2021-10-15,89.8499984741211,91.29000091552734,89.66999816894531,90.91999816894531
2021-10-18,90.0999984741211,91.12000274658203,89.31999969482422,90.80000305175781
2021-10-19,90.9800033569336,91.48999786376953,90.44999694824219,91.2300033569336
2021-10-20,90.69000244140625,91.91000366210938,90.08000183105469,91.68000030517578
2021-10-21,91.33000183105469,91.66999816894531,90.58000183105469,91.61000061035156
2021-10-22,91.66999816894531,92.31999969482422,91.18000030517578,91.86000061035156
2021-10-25,91.66999816894531,91.9800033569336,90.69999694824219,91.30000305175781
2021-10-26,88.29000091552734,91.19000244140625,87.0,89.16000366210938
2021-10-27,89.1500015258789,90.55999755859375,88.69000244140625,89.16000366210938
2021-10-28,89.36000061035156,89.80999755859375,88.73999786376953,89.19000244140625
2021-10-29,89.05999755859375,89.76000213623047,88.51000213623047,88.86000061035156
2021-11-01,88.91000366210938,89.19000244140625,87.95999908447266,88.55000305175781
2021-11-02,88.52999877929688,88.80999755859375,87.19999694824219,87.80000305175781
2021-11-03,87.0199966430664,88.79000091552734,86.94999694824219,88.66999816894531
2021-11-04,88.33999633789062,89.08999633789062,87.76000213623047,88.05999755859375
2021-11-05,89.7699966430664,91.2300033569336,89.05999755859375,91.18000030517578
2021-11-08,91.30999755859375,91.66999816894531,90.30999755859375,90.70999908447266
2021-11-09,90.70999908447266,91.06999969482422,89.97000122070312,90.98999786376953
2021-11-10,91.0199966430664,91.44000244140625,90.13999938964844,90.18000030517578
2021-11-11,90.08000183105469,90.41999816894531,88.69000244140625,89.05000305175781
2021-11-12,89.18000030517578,89.25,88.62000274658203,88.86000061035156
2021-11-15,89.62999725341797,89.62999725341797,88.83999633789062,89.3499984741211
2021-11-16,89.2699966430664,89.81999969482422,88.80999755859375,88.9000015258789
2021-11-17,88.76000213623047,89.05000305175781,87.19000244140625,87.44999694824219
2021-11-18,87.19000244140625,87.79000091552734,86.33999633789062,86.91000366210938
2021-11-19,86.25,86.25,85.05999755859375,85.43000030517578
2021-11-22,85.80999755859375,87.63999938964844,85.68000030517578,86.80000305175781
2021-11-23,87.31999969482422,87.73999786376953,86.73999786376953,87.30999755859375
2021-11-24,86.93000030517578,87.4800033569336,86.68000030517578,87.19000244140625
2021-11-26,83.55999755859375,83.58999633789062,81.41999816894531,83.0
2021-11-29,84.08999633789062,84.44999694824219,82.5199966430664,82.94000244140625
2021-11-30,82.12000274658203,82.5,80.27999877929688,80.91999816894531
2021-12-01,82.13999938964844,82.13999938964844,79.0,79.05000305175781
2021-12-02,80.05000305175781,82.2300033569336,79.51000213623047,81.66000366210938
2021-12-03,81.61000061035156,82.12000274658203,80.12000274658203,81.11000061035156
2021-12-06,82.25,84.38999938964844,81.66999816894531,83.76000213623047
2021-12-07,84.43000030517578,85.80000305175781,84.05000305175781,85.01000213623047
2021-12-08,85.83999633789062,87.6500015258789,85.80000305175781,86.5
2021-12-09,86.0,86.56999969482422,85.5199966430664,86.16000366210938
2021-12-10,86.91000366210938,86.9800033569336,85.69999694824219,86.16000366210938
2021-12-13,85.44999694824219,85.94000244140625,84.04000091552734,84.33000183105469
2021-12-14,83.62999725341797,84.73999786376953,83.2300033569336,83.5
2021-12-15,83.45999908447266,83.72000122070312,82.06999969482422,83.43000030517578
2021-12-16,84.26000213623047,84.5199966430664,82.45999908447266,82.69999694824219
2021-12-17,82.69999694824219,83.0199966430664,81.16999816894531,82.27999877929688
2021-12-20,81.02999877929688,81.3499984741211,79.69000244140625,81.02999877929688
2021-12-21,81.66999816894531,83.91999816894531,81.66999816894531,83.68000030517578
2021-12-22,83.4800033569336,84.75,83.43000030517578,84.06999969482422
2021-12-23,84.55999755859375,85.19999694824219,84.5199966430664,84.9000015258789
2021-12-27,84.72000122070312,85.4000015258789,84.23999786376953,85.23999786376953
2021-12-28,85.06999969482422,86.3499984741211,84.77999877929688,86.0199966430664
2021-12-29,85.58000183105469,86.06999969482422,85.22000122070312,85.88999938964844
2021-12-30,86.04000091552734,86.5,85.69999694824219,85.80000305175781
2021-12-31,85.7300033569336,86.33000183105469,85.5,86.05999755859375
2022-01-03,86.08000183105469,87.13999938964844,86.06999969482422,86.97000122070312
2022-01-04,87.87000274658203,90.06999969482422,87.69999694824219,90.0199966430664
2022-01-05,90.19999694824219,91.52999877929688,89.4000015258789,89.56999969482422
2022-01-06,90.4000015258789,90.93000030517578,89.61000061035156,90.05999755859375
2022-01-07,90.26000213623047,91.37000274658203,90.08999633789062,90.44000244140625
2022-01-10,90.68000030517578,90.79000091552734,89.23999786376953,89.7300033569336
2022-01-11,89.73999786376953,90.83999633789062,89.2699966430664,90.72000122070312
2022-01-12,91.0,91.55000305175781,90.83999633789062,91.06999969482422
2022-01-13,91.37999725341797,92.45999908447266,90.95999908447266,91.55999755859375
2022-01-14,91.05000305175781,92.4800033569336,90.72000122070312,92.33000183105469
2022-01-18,91.33000183105469,91.9000015258789,90.27999877929688,90.75
2022-01-19,90.7300033569336,91.33999633789062,89.58000183105469,89.69999694824219
2022-01-20,89.95999908447266,90.83000183105469,88.25,88.36000061035156
2022-01-21,88.5199966430664,88.80999755859375,86.81999969482422,87.20999908447266
2022-01-24,85.7699966430664,88.30000305175781,84.80000305175781,88.12000274658203
2022-01-25,85.0,91.29000091552734,85.0,90.30999755859375
2022-01-26,89.9800033569336,91.5199966430664,87.47000122070312,88.9800033569336
2022-01-27,89.91999816894531,91.4800033569336,88.4000015258789,89.27999877929688
2022-01-28,88.97000122070312,90.37000274658203,87.4800033569336,90.33000183105469
2022-01-31,89.61000061035156,90.41000366210938,89.01000213623047,90.19000244140625
2022-02-01,90.0999984741211,90.94000244140625,89.2699966430664,90.7300033569336
2022-02-02,90.30000305175781,92.69000244140625,90.25,92.54000091552734
2022-02-03,92.1500015258789,92.98999786376953,91.62000274658203,92.80999755859375
2022-02-04,92.36000061035156,93.9000015258789,92.11000061035156,93.01000213623047
2022-02-07,93.45999908447266,94.7300033569336,93.01000213623047,94.02999877929688
2022-02-08,93.83000183105469,95.31999969482422,92.87000274658203,95.06999969482422
2022-02-09,96.02999877929688,96.31999969482422,95.4800033569336,96.0
2022-02-10,95.31999969482422,96.95999908447266,94.55000305175781,95.05999755859375
2022-02-11,95.25,96.05000305175781,94.08000183105469,95.2699966430664
2022-02-14,95.51000213623047,95.5999984741211,92.88999938964844,93.56999969482422
2022-02-15,93.58999633789062,94.9000015258789,93.56999969482422,94.04000091552734
2022-02-16,94.01000213623047,95.2699966430664,93.91999816894531,94.75
2022-02-17,93.97000122070312,95.16999816894531,93.44000244140625,94.36000061035156
2022-02-18,94.13999938964844,95.01000213623047,92.98999786376953,93.37000274658203
2022-02-22,93.62000274658203,94.73999786376953,92.79000091552734,93.54000091552734
2022-02-23,94.30000305175781,94.52999877929688,92.05000305175781,92.23999786376953
2022-02-24,93.0,94.6500015258789,89.30999755859375,94.25
2022-02-25,94.38999938964844,98.2699966430664,94.19999694824219,98.12000274658203
2022-02-28,99.0199966430664,102.95999908447266,98.4000015258789,102.69999694824219
2022-03-01,102.7699966430664,104.33999633789062,102.18000030517578,102.7300033569336
2022-03-02,102.19999694824219,102.51000213623047,99.77999877929688,100.73999786376953
2022-03-03,101.05999755859375,101.3499984741211,98.62999725341797,99.83000183105469
2022-03-04,99.94999694824219,99.94999694824219,98.2300033569336,99.58999633789062
2022-03-07,101.29000091552734,103.0999984741211,98.12000274658203,98.19000244140625
2022-03-08,98.01000213623047,98.4000015258789,94.69000244140625,94.8499984741211
2022-03-09,95.25,99.08000183105469,95.25,98.5199966430664
2022-03-10,98.16999816894531,99.80000305175781,97.66000366210938,98.51000213623047
2022-03-11,98.77999877929688,99.75,96.80000305175781,96.91999816894531
2022-03-14,97.16999816894531,97.66000366210938,95.41000366210938,97.04000091552734
2022-03-15,97.87999725341797,98.0999984741211,96.56999969482422,97.62000274658203
2022-03-16,97.04000091552734,97.63999938964844,94.06999969482422,95.80000305175781
2022-03-17,96.5999984741211,97.79000091552734,95.83000183105469,97.75
2022-03-18,98.0,98.27999877929688,96.33000183105469,97.5199966430664
2022-03-21,97.83999633789062,100.81999969482422,97.80000305175781,99.94000244140625
2022-03-22,99.80000305175781,101.62999725341797,98.91000366210938,101.37999725341797
2022-03-23,101.16000366210938,102.4800033569336,101.11000061035156,101.2300033569336
2022-03-24,101.66000366210938,102.19999694824219,101.12999725341797,101.70999908447266
2022-03-25,102.0,102.97000122070312,101.91999816894531,102.43000030517578
2022-03-28,101.66999816894531,102.16000366210938,100.91999816894531,101.58999633789062
2022-03-29,100.8499984741211,101.4000015258789,99.37000274658203,101.08000183105469
2022-03-30,101.62999725341797,102.37999725341797,99.76000213623047,100.83000183105469
2022-03-31,99.27999877929688,100.91000366210938,99.0,99.06999969482422
2022-04-01,99.76000213623047,100.44999694824219,98.9800033569336,100.16999816894531
2022-04-04,100.12000274658203,100.4000015258789,98.55999755859375,99.30000305175781
2022-04-05,99.4800033569336,100.51000213623047,98.61000061035156,98.80999755859375
2022-04-06,98.31999969482422,99.27999877929688,98.12999725341797,98.45999908447266
2022-04-07,98.25,101.2699966430664,97.9000015258789,100.9800033569336
2022-04-08,101.9800033569336,102.73999786376953,100.06999969482422,100.4000015258789
2022-04-11,100.63999938964844,102.94999694824219,100.63999938964844,102.11000061035156
2022-04-12,102.18000030517578,103.9800033569336,102.06999969482422,102.5999984741211
2022-04-13,103.31999969482422,104.44999694824219,102.63999938964844,103.37000274658203
2022-04-14,103.88999938964844,104.9800033569336,103.66999816894531,104.2699966430664
2022-04-18,104.26000213623047,105.45999908447266,103.91000366210938,104.30000305175781
2022-04-19,104.44000244140625,105.66000366210938,104.16000366210938,104.55000305175781
2022-04-20,105.68000030517578,106.0199966430664,104.27999877929688,104.97000122070312
2022-04-21,105.8499984741211,106.0199966430664,101.4000015258789,101.7300033569336
2022-04-22,101.44999694824219,102.55999755859375,100.37000274658203,100.48999786376953
2022-04-25,99.8499984741211,99.91999816894531,97.56999969482422,99.61000061035156
2022-04-26,96.9000015258789,100.94999694824219,96.77999877929688,99.19000244140625
2022-04-27,99.22000122070312,99.91000366210938,97.5999984741211,98.83999633789062
2022-04-28,99.0,99.26000213623047,96.9000015258789,98.08000183105469
2022-04-29,98.47000122070312,98.88999938964844,94.61000061035156,94.91000366210938
2022-05-02,94.51000213623047,95.33000183105469,92.4000015258789,94.22000122070312
2022-05-03,95.18000030517578,96.12999725341797,94.31999969482422,95.4000015258789
2022-05-04,94.98999786376953,98.0199966430664,94.94999694824219,97.76000213623047
2022-05-05,97.80000305175781,98.19999694824219,95.41000366210938,96.31999969482422
2022-05-06,95.70999908447266,96.05000305175781,93.72000122070312,95.30000305175781
2022-05-09,94.52999877929688,94.79000091552734,91.25,91.75
2022-05-10,92.44000244140625,93.86000061035156,91.36000061035156,91.69000244140625
2022-05-11,91.2699966430664,94.12999725341797,90.80999755859375,91.0
2022-05-12,90.8499984741211,92.47000122070312,89.94000244140625,91.4800033569336
2022-05-13,92.05000305175781,92.61000061035156,91.08999633789062,91.91999816894531
2022-05-16,91.8499984741211,93.54000091552734,91.80999755859375,92.4800033569336
2022-05-17,94.33000183105469,95.13999938964844,93.5,94.94999694824219
2022-05-18,94.33000183105469,95.19999694824219,92.27999877929688,92.61000061035156
2022-05-19,91.37999725341797,92.45999908447266,89.54000091552734,90.25
2022-05-20,90.83999633789062,91.16999816894531,88.43000030517578,90.08000183105469
2022-05-23,90.5999984741211,92.0199966430664,90.0,91.83000183105469
2022-05-24,91.19999694824219,93.41999816894531,90.47000122070312,93.20999908447266
2022-05-25,93.31999969482422,94.0999984741211,92.58999633789062,93.55999755859375
2022-05-26,94.5199966430664,95.86000061035156,94.11000061035156,95.0
2022-05-27,95.62999725341797,96.72000122070312,95.19999694824219,96.70999908447266
2022-05-31,95.36000061035156,95.97000122070312,94.62999725341797,95.12000274658203
2022-06-01,96.01000213623047,96.27999877929688,94.0999984741211,94.80999755859375
2022-06-02,95.7699966430664,96.30999755859375,94.05999755859375,96.23999786376953
2022-06-03,95.36000061035156,96.62000274658203,95.29000091552734,96.33000183105469
2022-06-06,96.98999786376953,97.48999786376953,96.38999938964844,97.20999908447266
2022-06-07,97.18000030517578,100.68000030517578,96.66000366210938,100.51000213623047
2022-06-08,99.7300033569336,100.33000183105469,98.95999908447266,99.2300033569336
2022-06-09,98.33000183105469,99.16999816894531,97.31999969482422,97.37999725341797
2022-06-10,95.81999969482422,96.69000244140625,94.44999694824219,95.48999786376953
2022-06-13,93.48999786376953,93.52999877929688,91.37999725341797,91.94999694824219
2022-06-14,92.43000030517578,92.70999908447266,90.7300033569336,91.31999969482422
2022-06-15,92.0999984741211,93.19000244140625,90.80000305175781,92.27999877929688
2022-06-16,91.05000305175781,91.18000030517578,89.01000213623047,89.5199966430664
2022-06-17,89.45999908447266,90.01000213623047,87.61000061035156,88.87999725341797
2022-06-21,90.8499984741211,93.3499984741211,90.11000061035156,92.91999816894531
2022-06-22,91.19999694824219,93.81999969482422,91.08000183105469,92.55999755859375
2022-06-23,92.5,93.31999969482422,90.7699966430664,91.76000213623047
2022-06-24,92.5,94.37000274658203,91.87999725341797,94.19999694824219
2022-06-27,94.44000244140625,95.05000305175781,93.83999633789062,94.80999755859375
2022-06-28,95.43000030517578,96.79000091552734,93.68000030517578,93.77999877929688
2022-06-29,94.22000122070312,94.30000305175781,92.30000305175781,93.30000305175781
2022-06-30,92.97000122070312,96.2699966430664,92.70999908447266,96.11000061035156
2022-07-01,96.05000305175781,97.31999969482422,95.33999633789062,97.0199966430664
2022-07-05,94.91999816894531,95.44999694824219,91.41000366210938,92.91999816894531
2022-07-06,93.0,94.72000122070312,92.23999786376953,93.91999816894531
2022-07-07,94.55000305175781,95.0,93.80999755859375,93.94000244140625
2022-07-08,94.29000091552734,95.72000122070312,93.94000244140625,95.12000274658203
2022-07-11,94.29000091552734,95.13999938964844,94.05000305175781,94.70999908447266
2022-07-12,94.16000366210938,95.25,93.80999755859375,94.5
2022-07-13,92.80999755859375,94.33000183105469,91.70999908447266,91.80999755859375
2022-07-14,90.04000091552734,90.69999694824219,89.05000305175781,90.08000183105469
2022-07-15,91.0,91.45999908447266,90.30000305175781,91.2300033569336
2022-07-18,92.23999786376953,92.31999969482422,89.4800033569336,89.80000305175781
2022-07-19,89.26000213623047,94.01000213623047,89.20999908447266,93.81999969482422
2022-07-20,93.5999984741211,95.13999938964844,93.12999725341797,94.83000183105469
2022-07-21,94.58000183105469,95.04000091552734,93.58000183105469,94.88999938964844
2022-07-22,95.1500015258789,95.70999908447266,93.95999908447266,94.20999908447266
2022-07-25,94.61000061035156,95.41000366210938,94.02999877929688,94.56999969482422
2022-07-26,92.51000213623047,93.37000274658203,90.19000244140625,90.23999786376953
2022-07-27,90.83000183105469,90.83000183105469,89.05999755859375,90.2699966430664
2022-07-28,90.25,92.66999816894531,90.25,92.38999938964844
2022-07-29,91.9800033569336,93.38999938964844,91.88999938964844,93.20999908447266
2022-08-01,93.58999633789062,94.95999908447266,93.08999633789062,93.23999786376953
2022-08-02,93.73999786376953,94.77999877929688,92.69999694824219,93.75
2022-08-03,93.75,94.93000030517578,92.41000366210938,94.52999877929688
2022-08-04,94.63999938964844,94.86000061035156,92.72000122070312,92.77999877929688
2022-08-05,92.16000366210938,93.0999984741211,91.83999633789062,93.02999877929688
2022-08-08,93.69999694824219,93.69999694824219,90.95999908447266,91.19999694824219
2022-08-09,91.51000213623047,92.30000305175781,91.05999755859375,91.94000244140625
2022-08-10,92.97000122070312,93.72000122070312,92.44999694824219,93.41999816894531
2022-08-11,93.73999786376953,94.44999694824219,93.05999755859375,93.1500015258789
2022-08-12,93.27999877929688,95.06999969482422,93.27999877929688,95.01000213623047
2022-08-15,94.33999633789062,96.1500015258789,93.94999694824219,96.12999725341797
2022-08-16,95.70999908447266,96.25,94.87999725341797,95.05000305175781
2022-08-17,94.11000061035156,95.63999938964844,93.80999755859375,94.98999786376953
2022-08-18,94.8499984741211,95.0199966430664,94.23999786376953,94.70999908447266
2022-08-19,94.25,95.01000213623047,93.13999938964844,93.4000015258789
2022-08-22,92.30999755859375,92.94999694824219,91.6500015258789,91.77999877929688
2022-08-23,91.93000030517578,92.6500015258789,91.76000213623047,92.43000030517578
2022-08-24,92.97000122070312,93.58000183105469,92.80000305175781,93.30999755859375
2022-08-25,93.83000183105469,96.22000122070312,93.76000213623047,96.12999725341797
2022-08-26,96.62000274658203,96.83000183105469,93.48999786376953,93.5199966430664
2022-08-29,92.66000366210938,92.98999786376953,91.27999877929688,92.12000274658203
2022-08-30,92.38999938964844,92.51000213623047,90.33000183105469,90.83000183105469
2022-08-31,90.98999786376953,91.23999786376953,89.70999908447266,89.75
2022-09-01,89.41000366210938,89.55000305175781,87.4800033569336,88.02999877929688
2022-09-02,88.97000122070312,89.76000213623047,87.29000091552734,87.58999633789062
2022-09-06,87.70999908447266,88.36000061035156,86.58999633789062,87.16000366210938
2022-09-07,86.31999969482422,87.70999908447266,85.3499984741211,87.44999694824219
2022-09-08,86.8499984741211,87.08999633789062,85.44999694824219,86.55999755859375
2022-09-09,87.0999984741211,88.36000061035156,86.48999786376953,88.04000091552734
2022-09-12,88.33999633789062,88.69000244140625,87.51000213623047,87.80000305175781
2022-09-13,86.1500015258789,86.94000244140625,83.33999633789062,83.72000122070312
2022-09-14,84.30000305175781,87.55000305175781,83.29000091552734,86.4000015258789
2022-09-15,86.05000305175781,86.94999694824219,85.12999725341797,85.61000061035156
2022-09-16,84.81999969482422,86.19999694824219,84.5,85.19999694824219
2022-09-19,84.44999694824219,85.33999633789062,84.04000091552734,84.94999694824219
2022-09-20,84.56999969482422,85.4800033569336,83.72000122070312,85.1500015258789
2022-09-21,87.16000366210938,87.98999786376953,84.27999877929688,84.31999969482422
2022-09-22,84.0,84.52999877929688,83.19999694824219,83.44999694824219
2022-09-23,82.87000274658203,83.02999877929688,80.76000213623047,82.02999877929688
2022-09-26,81.58999633789062,82.38999938964844,80.7300033569336,81.08999633789062
2022-09-27,81.56999969482422,82.05000305175781,80.2699966430664,81.0
2022-09-28,81.22000122070312,83.87999725341797,80.79000091552734,83.30000305175781
2022-09-29,82.66999816894531,82.95999908447266,81.41999816894531,82.33999633789062
2022-09-30,82.44000244140625,82.87000274658203,81.7699966430664,81.86000061035156
2022-10-03,82.91000366210938,84.06999969482422,82.01000213623047,83.11000061035156
2022-10-04,84.25,86.29000091552734,84.02999877929688,85.52999877929688
2022-10-05,84.55999755859375,85.9800033569336,84.12000274658203,85.20999908447266
2022-10-06,84.77999877929688,85.47000122070312,84.0199966430664,84.27999877929688
2022-10-07,83.76000213623047,84.08999633789062,82.70999908447266,84.01000213623047
2022-10-10,84.83000183105469,85.97000122070312,83.62000274658203,84.16000366210938
2022-10-11,83.73999786376953,85.54000091552734,83.30999755859375,84.58999633789062
2022-10-12,84.5199966430664,84.62999725341797,82.93000030517578,82.98999786376953
2022-10-13,81.44999694824219,85.13999938964844,80.98999786376953,84.87000274658203
2022-10-14,85.41999816894531,85.41999816894531,82.1500015258789,82.58999633789062
2022-10-17,84.20999908447266,85.44000244140625,83.83000183105469,84.47000122070312
2022-10-18,85.91999816894531,88.05000305175781,85.41999816894531,87.36000061035156
2022-10-19,87.1500015258789,88.94999694824219,86.8499984741211,87.62999725341797
2022-10-20,87.80999755859375,88.44000244140625,86.80000305175781,87.23999786376953
2022-10-21,87.26000213623047,88.9000015258789,86.47000122070312,88.54000091552734
2022-10-24,89.0999984741211,90.44999694824219,89.0,89.7300033569336
2022-10-25,88.48999786376953,89.0,85.8499984741211,88.36000061035156
2022-10-26,88.5999984741211,92.19999694824219,88.5999984741211,90.5199966430664
2022-10-27,90.94000244140625,93.37999725341797,90.91000366210938,91.80000305175781
2022-10-28,92.5,95.16000366210938,92.06999969482422,95.08000183105469
2022-10-31,94.7300033569336,95.11000061035156,93.8499984741211,94.81999969482422
2022-11-01,95.33000183105469,96.08000183105469,95.05000305175781,95.55000305175781
2022-11-02,95.1500015258789,96.6500015258789,94.02999877929688,94.1500015258789
2022-11-03,93.37999725341797,95.83000183105469,93.02999877929688,94.80000305175781
2022-11-04,95.37000274658203,95.9000015258789,93.37999725341797,95.22000122070312
2022-11-07,95.69000244140625,96.3499984741211,95.3499984741211,96.16999816894531
2022-11-08,96.2300033569336,96.63999938964844,95.05999755859375,96.2699966430664
